Datetime,Tweet Id,Tweet,Lang,Username,Casefolding,Remove_Special,Tokenizing,Stopword,Stemming,Dataclean
2023-01-02 13:58:11+00:00,1609911938376691713,"Berdalih ga bisa buka kamera karena di lock pihak it
Karena pernah ada kebocoran data perusahaan

Damn aku percaya https://t.co/dejPXpstjt",in,separuhbintangg,"berdalih ga bisa buka kamera karena di lock pihak it
karena pernah ada kebocoran data perusahaan

damn aku percaya https://t.co/dejpxpstjt",berdalih ga bisa buka kamera karena di lock pihak it karena pernah ada kebocoran data perusahaan damn aku percaya ,"['berdalih', 'ga', 'bisa', 'buka', 'kamera', 'karena', 'di', 'lock', 'pihak', 'it', 'karena', 'pernah', 'ada', 'kebocoran', 'data', 'perusahaan', 'damn', 'aku', 'percaya']","['berdalih', 'buka', 'kamera', 'lock', 'it', 'kebocoran', 'data', 'perusahaan', 'damn', 'percaya']","['dalih', 'buka', 'kamera', 'lock', 'it', 'bocor', 'data', 'usaha', 'damn', 'percaya']",dalih buka kamera lock it bocor data usaha damn percaya
2023-01-02 13:12:01+00:00,1609900321010061312,"Banyak kasus kebocoran data, ini tips ampuh menjaga data pribadi Anda - https://t.co/Et1BPuBvcd https://t.co/oex8USVJhp",in,InfoKomputer,"banyak kasus kebocoran data, ini tips ampuh menjaga data pribadi anda - https://t.co/et1bpubvcd https://t.co/oex8usvjhp",banyak kasus kebocoran data  ini tips ampuh menjaga data pribadi anda   ,"['banyak', 'kasus', 'kebocoran', 'data', 'ini', 'tips', 'ampuh', 'menjaga', 'data', 'pribadi', 'anda']","['kebocoran', 'data', 'tips', 'ampuh', 'menjaga', 'data', 'pribadi']","['bocor', 'data', 'tips', 'ampuh', 'jaga', 'data', 'pribadi']",bocor data tips ampuh jaga data pribadi
2023-01-02 08:04:01+00:00,1609822811044065284,"SoyaCincau BM

Siasatan Maybank sahkan tiada kebocoran data pelanggan berlaku

60 saat yang lalu - https://t.co/nec6bOEDEV",in,akmalarif90,"soyacincau bm

siasatan maybank sahkan tiada kebocoran data pelanggan berlaku

60 saat yang lalu - https://t.co/nec6boedev",soyacincau bm siasatan maybank sahkan tiada kebocoran data pelanggan berlaku  saat yang lalu   ,"['soyacincau', 'bm', 'siasatan', 'maybank', 'sahkan', 'tiada', 'kebocoran', 'data', 'pelanggan', 'berlaku', 'saat', 'yang', 'lalu']","['soyacincau', 'bm', 'siasatan', 'maybank', 'sahkan', 'tiada', 'kebocoran', 'data', 'pelanggan', 'berlaku']","['soyacincau', 'bm', 'siasat', 'maybank', 'sahkan', 'tiada', 'bocor', 'data', 'langgan', 'laku']",soyacincau bm siasat maybank sahkan tiada bocor data langgan laku
2023-01-02 08:02:57+00:00,1609822541840846849,"Kebocoran data pun ada scammer sekarang. Tapi jangan leka, sentiasa waspada dengan sebarang aktiviti mencurigakan. https://t.co/aBGQoVNLtU",in,SoyaCincauBM,"kebocoran data pun ada scammer sekarang. tapi jangan leka, sentiasa waspada dengan sebarang aktiviti mencurigakan. https://t.co/abgqovnltu",kebocoran data pun ada scammer sekarang  tapi jangan leka  sentiasa waspada dengan sebarang aktiviti mencurigakan  ,"['kebocoran', 'data', 'pun', 'ada', 'scammer', 'sekarang', 'tapi', 'jangan', 'leka', 'sentiasa', 'waspada', 'dengan', 'sebarang', 'aktiviti', 'mencurigakan']","['kebocoran', 'data', 'scammer', 'leka', 'sentiasa', 'waspada', 'sebarang', 'aktiviti', 'mencurigakan']","['bocor', 'data', 'scammer', 'leka', 'sentiasa', 'waspada', 'sebarang', 'aktiviti', 'curiga']",bocor data scammer leka sentiasa waspada sebarang aktiviti curiga
2023-01-02 07:56:46+00:00,1609820985406152704,"2 kali kena semprot sama bos dikira belom bayar tagihan telkom ðŸ˜’
Pdhal gara2 telkom kebocoran data ini nih. Elah.",in,bundanyasiwat,"2 kali kena semprot sama bos dikira belom bayar tagihan telkom ðŸ˜’
pdhal gara2 telkom kebocoran data ini nih. elah.", kali kena semprot sama bos dikira belom bayar tagihan telkom      pdhal gara telkom kebocoran data ini nih  elah ,"['kali', 'kena', 'semprot', 'sama', 'bos', 'dikira', 'belom', 'bayar', 'tagihan', 'telkom', 'pdhal', 'gara', 'telkom', 'kebocoran', 'data', 'ini', 'nih', 'elah']","['kali', 'kena', 'semprot', 'bos', 'belom', 'bayar', 'tagihan', 'telkom', 'pdhal', 'gara', 'telkom', 'kebocoran', 'data', 'elah']","['kali', 'kena', 'semprot', 'bos', 'bom', 'bayar', 'tagih', 'telkom', 'pdhal', 'gara', 'telkom', 'bocor', 'data', 'elah']",kali kena semprot bos bom bayar tagih telkom pdhal gara telkom bocor data elah
2023-01-02 04:27:03+00:00,1609768206532767745,"@bachrum_achmadi Nasdem Sama aja kadernya bego
ngurus kebocoran data aja GOBLOK",in,Gungun_65432,"@bachrum_achmadi nasdem sama aja kadernya bego
ngurus kebocoran data aja goblok", nasdem sama aja kadernya bego ngurus kebocoran data aja goblok,"['nasdem', 'sama', 'aja', 'kadernya', 'bego', 'ngurus', 'kebocoran', 'data', 'aja', 'goblok']","['nasdem', 'kadernya', 'bego', 'ngurus', 'kebocoran', 'data', 'goblok']","['nasdem', 'kader', 'bego', 'ngurus', 'bocor', 'data', 'goblok']",nasdem kader bego ngurus bocor data goblok
2023-01-02 02:49:03+00:00,1609743545979768839,Toyota India peringatkan kemungkinan kebocoran data pelanggan https://t.co/i9wAC8HTSv,in,antarabiz,toyota india peringatkan kemungkinan kebocoran data pelanggan https://t.co/i9wac8htsv,toyota india peringatkan kemungkinan kebocoran data pelanggan ,"['toyota', 'india', 'peringatkan', 'kemungkinan', 'kebocoran', 'data', 'pelanggan']","['toyota', 'india', 'peringatkan', 'kebocoran', 'data', 'pelanggan']","['toyota', 'india', 'ingat', 'bocor', 'data', 'langgan']",toyota india ingat bocor data langgan
2023-01-01 20:06:27+00:00,1609642226052919296,"Pake disambungin papa lagi ke kebocoran data. Takut nanti pemilu ada yg nelponin hape nya. Suruh milih kandidat tertentu.
Dulu pas papa ga mau pake hape tu, udh iyain aja yaa
Dikasi smartphone gini
Anaknya yg pusing filter informasi ðŸ˜“ðŸ˜“
Panduan bedain hoax sama bukan ada ga si?",in,ericanabena,"pake disambungin papa lagi ke kebocoran data. takut nanti pemilu ada yg nelponin hape nya. suruh milih kandidat tertentu.
dulu pas papa ga mau pake hape tu, udh iyain aja yaa
dikasi smartphone gini
anaknya yg pusing filter informasi ðŸ˜“ðŸ˜“
panduan bedain hoax sama bukan ada ga si?",pake disambungin papa lagi ke kebocoran data  takut nanti pemilu ada yg nelponin hape nya  suruh milih kandidat tertentu  dulu pas papa ga mau pake hape tu  udh iyain aja yaa dikasi smartphone gini anaknya yg pusing filter informasi          panduan bedain hoax sama bukan ada ga si ,"['pake', 'disambungin', 'papa', 'lagi', 'ke', 'kebocoran', 'data', 'takut', 'nanti', 'pemilu', 'ada', 'yg', 'nelponin', 'hape', 'nya', 'suruh', 'milih', 'kandidat', 'tertentu', 'dulu', 'pas', 'papa', 'ga', 'mau', 'pake', 'hape', 'tu', 'udh', 'iyain', 'aja', 'yaa', 'dikasi', 'smartphone', 'gini', 'anaknya', 'yg', 'pusing', 'filter', 'informasi', 'panduan', 'bedain', 'hoax', 'sama', 'bukan', 'ada', 'ga', 'si']","['pake', 'disambungin', 'papa', 'kebocoran', 'data', 'takut', 'pemilu', 'nelponin', 'hape', 'suruh', 'milih', 'kandidat', 'pas', 'papa', 'pake', 'hape', 'tu', 'udh', 'iyain', 'yaa', 'dikasi', 'smartphone', 'gini', 'anaknya', 'pusing', 'filter', 'informasi', 'panduan', 'bedain', 'hoax']","['pake', 'disambungin', 'papa', 'bocor', 'data', 'takut', 'milu', 'nelponin', 'hape', 'suruh', 'milih', 'kandidat', 'pas', 'papa', 'pake', 'hape', 'tu', 'udh', 'iyain', 'yaa', 'kasi', 'smartphone', 'gin', 'anak', 'pusing', 'filter', 'informasi', 'pandu', 'bedain', 'hoax']",pake disambungin papa bocor data takut milu nelponin hape suruh milih kandidat pas papa pake hape tu udh iyain yaa kasi smartphone gin anak pusing filter informasi pandu bedain hoax
2023-01-01 12:25:51+00:00,1609526312183496704,Maybank sahkan isu kebocoran Data Peribadi Penggunanya adalah tidak benar #Maybank https://t.co/5lt9xa54JP,in,hteknologimy,maybank sahkan isu kebocoran data peribadi penggunanya adalah tidak benar #maybank https://t.co/5lt9xa54jp,maybank sahkan isu kebocoran data peribadi penggunanya adalah tidak benar maybank ,"['maybank', 'sahkan', 'isu', 'kebocoran', 'data', 'peribadi', 'penggunanya', 'adalah', 'tidak', 'benar', 'maybank']","['maybank', 'sahkan', 'isu', 'kebocoran', 'data', 'peribadi', 'penggunanya', 'maybank']","['maybank', 'sahkan', 'isu', 'bocor', 'data', 'peribadi', 'guna', 'maybank']",maybank sahkan isu bocor data peribadi guna maybank
2023-01-01 03:02:21+00:00,1609384503402991617,"[Otomasi Security Check/Testing]
Mulai banyak kebocoran data (saat ini sudah dialami). Awareness tentang keamanan data mulai muncul. Role Security Engineer akan menjadi seksi.
https://t.co/xKOUMouUTV
https://t.co/LaXGUFqEyC
https://t.co/6t2rVSimRZ https://t.co/ki3dFhS1Yl",in,pekerja_paksa,"[otomasi security check/testing]
mulai banyak kebocoran data (saat ini sudah dialami). awareness tentang keamanan data mulai muncul. role security engineer akan menjadi seksi.
https://t.co/xkoumouutv
https://t.co/laxgufqeyc
https://t.co/6t2rvsimrz https://t.co/ki3dfhs1yl", otomasi security check testing  mulai banyak kebocoran data  saat ini sudah dialami   awareness tentang keamanan data mulai muncul  role security engineer akan menjadi seksi  ,"['otomasi', 'security', 'check', 'testing', 'mulai', 'banyak', 'kebocoran', 'data', 'saat', 'ini', 'sudah', 'dialami', 'awareness', 'tentang', 'keamanan', 'data', 'mulai', 'muncul', 'role', 'security', 'engineer', 'akan', 'menjadi', 'seksi']","['otomasi', 'security', 'check', 'testing', 'kebocoran', 'data', 'dialami', 'awareness', 'keamanan', 'data', 'muncul', 'role', 'security', 'engineer', 'seksi']","['otomasi', 'security', 'check', 'testing', 'bocor', 'data', 'alami', 'awareness', 'aman', 'data', 'muncul', 'role', 'security', 'engineer', 'seksi']",otomasi security check testing bocor data alami awareness aman data muncul role security engineer seksi
2023-01-01 02:40:06+00:00,1609378907383549952,"Maybank Mengesahkan Dakwaan Kebocoran Data Adalah Tidak Benar
https://t.co/0NXybjUKH2 https://t.co/VoJpVdm0PD",in,thevocket,"maybank mengesahkan dakwaan kebocoran data adalah tidak benar
https://t.co/0nxybjukh2 https://t.co/vojpvdm0pd",maybank mengesahkan dakwaan kebocoran data adalah tidak benar ,"['maybank', 'mengesahkan', 'dakwaan', 'kebocoran', 'data', 'adalah', 'tidak', 'benar']","['maybank', 'mengesahkan', 'dakwaan', 'kebocoran', 'data']","['maybank', 'kesah', 'dakwa', 'bocor', 'data']",maybank kesah dakwa bocor data
2023-01-01 02:20:28+00:00,1609373965339987969,"â€œKesimpulan penyiasatan terhadap dakwaan pihak ketiga mengenai kebocoran data pelanggan, @MyMaybank boleh mengesahkan bahawa dakwaan ini adalah palsu."" 
 https://t.co/P5MHcBOBrm via @suara_tv",in,suara_tv,"â€œkesimpulan penyiasatan terhadap dakwaan pihak ketiga mengenai kebocoran data pelanggan, @mymaybank boleh mengesahkan bahawa dakwaan ini adalah palsu."" 
 https://t.co/p5mhcbobrm via @suara_tv",   kesimpulan penyiasatan terhadap dakwaan pihak ketiga mengenai kebocoran data pelanggan  boleh mengesahkan bahawa dakwaan ini adalah palsu   via ,"['kesimpulan', 'penyiasatan', 'terhadap', 'dakwaan', 'pihak', 'ketiga', 'mengenai', 'kebocoran', 'data', 'pelanggan', 'boleh', 'mengesahkan', 'bahawa', 'dakwaan', 'ini', 'adalah', 'palsu', 'via']","['kesimpulan', 'penyiasatan', 'dakwaan', 'ketiga', 'kebocoran', 'data', 'pelanggan', 'mengesahkan', 'bahawa', 'dakwaan', 'palsu', 'via']","['simpul', 'siasat', 'dakwa', 'tiga', 'bocor', 'data', 'langgan', 'kesah', 'bahawa', 'dakwa', 'palsu', 'via']",simpul siasat dakwa tiga bocor data langgan kesah bahawa dakwa palsu via
2022-12-31 23:47:31+00:00,1609335475155918849,"Tahap sekuriti sistem pangkalan data di negara ini perlu sentiasa ditambah baik bagi mengelak ia mudah digodam hingga kes kebocoran data berterusan berlaku. - Pakar Keselamatan Siber

https://t.co/IiRnjLZGi5

https://t.co/IiRnjLZGi5",in,SinarOnline,"tahap sekuriti sistem pangkalan data di negara ini perlu sentiasa ditambah baik bagi mengelak ia mudah digodam hingga kes kebocoran data berterusan berlaku. - pakar keselamatan siber

https://t.co/iirnjlzgi5

https://t.co/iirnjlzgi5",tahap sekuriti sistem pangkalan data di negara ini perlu sentiasa ditambah baik bagi mengelak ia mudah digodam hingga kes kebocoran data berterusan berlaku    pakar keselamatan siber ,"['tahap', 'sekuriti', 'sistem', 'pangkalan', 'data', 'di', 'negara', 'ini', 'perlu', 'sentiasa', 'ditambah', 'baik', 'bagi', 'mengelak', 'ia', 'mudah', 'digodam', 'hingga', 'kes', 'kebocoran', 'data', 'berterusan', 'berlaku', 'pakar', 'keselamatan', 'siber']","['tahap', 'sekuriti', 'sistem', 'pangkalan', 'data', 'negara', 'sentiasa', 'ditambah', 'mengelak', 'mudah', 'digodam', 'kes', 'kebocoran', 'data', 'berterusan', 'berlaku', 'pakar', 'keselamatan', 'siber']","['tahap', 'sekuriti', 'sistem', 'pangkal', 'data', 'negara', 'sentiasa', 'tambah', 'elak', 'mudah', 'godam', 'kes', 'bocor', 'data', 'terus', 'laku', 'pakar', 'selamat', 'siber']",tahap sekuriti sistem pangkal data negara sentiasa tambah elak mudah godam kes bocor data terus laku pakar selamat siber
2022-12-31 23:01:58+00:00,1609324011057721344,"YearStarter 2023: Teknologi â€“ 5G, kebocoran data dan Elon Musk menguasai berita teknologi 2022 - https://t.co/eKEFmBGvbB
Setahun selepas Malaysia mula pulih daripada wabak itu",in,BeritakiniB,"yearstarter 2023: teknologi â€“ 5g, kebocoran data dan elon musk menguasai berita teknologi 2022 - https://t.co/ekefmbgvbb
setahun selepas malaysia mula pulih daripada wabak itu",yearstarter   teknologi     g  kebocoran data dan elon musk menguasai berita teknologi    setahun selepas malaysia mula pulih daripada wabak itu,"['yearstarter', 'teknologi', 'g', 'kebocoran', 'data', 'dan', 'elon', 'musk', 'menguasai', 'berita', 'teknologi', 'setahun', 'selepas', 'malaysia', 'mula', 'pulih', 'daripada', 'wabak', 'itu']","['yearstarter', 'teknologi', 'g', 'kebocoran', 'data', 'elon', 'musk', 'menguasai', 'berita', 'teknologi', 'setahun', 'selepas', 'malaysia', 'pulih', 'wabak']","['yearstarter', 'teknologi', 'g', 'bocor', 'data', 'elon', 'musk', 'kuasa', 'berita', 'teknologi', 'tahun', 'lepas', 'malaysia', 'pulih', 'wabak']",yearstarter teknologi g bocor data elon musk kuasa berita teknologi tahun lepas malaysia pulih wabak
2022-12-31 18:18:22+00:00,1609252640587939842,"@twt_abgjay @fahmi_fadzil Jadi, bagaimana pula laporan saya tentang kebocoran data TM Unifi tu diakui oleh pihak TM sendiri? Adakah itu pun saya â€˜cilukâ€™ maklumat org lain? Data TM Unifi tu dijual pada forum yg sama yang menjual data-data lain yg dikatakan bocor dari Malaysia. Sila semak.",in,PendakwahTekno,"@twt_abgjay @fahmi_fadzil jadi, bagaimana pula laporan saya tentang kebocoran data tm unifi tu diakui oleh pihak tm sendiri? adakah itu pun saya â€˜cilukâ€™ maklumat org lain? data tm unifi tu dijual pada forum yg sama yang menjual data-data lain yg dikatakan bocor dari malaysia. sila semak.", jadi  bagaimana pula laporan saya tentang kebocoran data tm unifi tu diakui oleh pihak tm sendiri  adakah itu pun saya    ciluk    maklumat org lain  data tm unifi tu dijual pada forum yg sama yang menjual data data lain yg dikatakan bocor dari malaysia  sila semak ,"['jadi', 'bagaimana', 'pula', 'laporan', 'saya', 'tentang', 'kebocoran', 'data', 'tm', 'unifi', 'tu', 'diakui', 'oleh', 'pihak', 'tm', 'sendiri', 'adakah', 'itu', 'pun', 'saya', 'ciluk', 'maklumat', 'org', 'lain', 'data', 'tm', 'unifi', 'tu', 'dijual', 'pada', 'forum', 'yg', 'sama', 'yang', 'menjual', 'data', 'data', 'lain', 'yg', 'dikatakan', 'bocor', 'dari', 'malaysia', 'sila', 'semak']","['laporan', 'kebocoran', 'data', 'tm', 'unifi', 'tu', 'diakui', 'tm', 'adakah', 'ciluk', 'maklumat', 'org', 'data', 'tm', 'unifi', 'tu', 'dijual', 'forum', 'menjual', 'data', 'data', 'bocor', 'malaysia', 'sila', 'semak']","['lapor', 'bocor', 'data', 'tm', 'unifi', 'tu', 'aku', 'tm', 'ada', 'ciluk', 'maklumat', 'org', 'data', 'tm', 'unifi', 'tu', 'jual', 'forum', 'jual', 'data', 'data', 'bocor', 'malaysia', 'sila', 'semak']",lapor bocor data tm unifi tu aku tm ada ciluk maklumat org data tm unifi tu jual forum jual data data bocor malaysia sila semak
2022-12-31 18:16:21+00:00,1609252132494139398,@twt_abgjay @fahmi_fadzil Terima kasih atas komen tuan. Dimana pula tuan katakan saya â€˜cilokâ€™ kes kebocoran maklumat? Saya dah banyak kali cakap tentang kes kebocoran maklumat. Malah 7 bulan dulu saya sudah bincangkan isu kebocoran data ni kepada orang awam supaya mereka lebih cakna dan berhati-hati.,in,PendakwahTekno,@twt_abgjay @fahmi_fadzil terima kasih atas komen tuan. dimana pula tuan katakan saya â€˜cilokâ€™ kes kebocoran maklumat? saya dah banyak kali cakap tentang kes kebocoran maklumat. malah 7 bulan dulu saya sudah bincangkan isu kebocoran data ni kepada orang awam supaya mereka lebih cakna dan berhati-hati., terima kasih atas komen tuan  dimana pula tuan katakan saya    cilok    kes kebocoran maklumat  saya dah banyak kali cakap tentang kes kebocoran maklumat  malah  bulan dulu saya sudah bincangkan isu kebocoran data ni kepada orang awam supaya mereka lebih cakna dan berhati hati ,"['terima', 'kasih', 'atas', 'komen', 'tuan', 'dimana', 'pula', 'tuan', 'katakan', 'saya', 'cilok', 'kes', 'kebocoran', 'maklumat', 'saya', 'dah', 'banyak', 'kali', 'cakap', 'tentang', 'kes', 'kebocoran', 'maklumat', 'malah', 'bulan', 'dulu', 'saya', 'sudah', 'bincangkan', 'isu', 'kebocoran', 'data', 'ni', 'kepada', 'orang', 'awam', 'supaya', 'mereka', 'lebih', 'cakna', 'dan', 'berhati', 'hati']","['terima', 'kasih', 'komen', 'tuan', 'dimana', 'tuan', 'cilok', 'kes', 'kebocoran', 'maklumat', 'dah', 'kali', 'cakap', 'kes', 'kebocoran', 'maklumat', 'bincangkan', 'isu', 'kebocoran', 'data', 'ni', 'orang', 'awam', 'cakna', 'berhati', 'hati']","['terima', 'kasih', 'komen', 'tuan', 'mana', 'tuan', 'cilok', 'kes', 'bocor', 'maklumat', 'dah', 'kali', 'cakap', 'kes', 'bocor', 'maklumat', 'bincang', 'isu', 'bocor', 'data', 'ni', 'orang', 'awam', 'cakna', 'hati', 'hati']",terima kasih komen tuan mana tuan cilok kes bocor maklumat dah kali cakap kes bocor maklumat bincang isu bocor data ni orang awam cakna hati hati
2022-12-31 15:48:20+00:00,1609214882662039557,"@fahmi_fadzil pelanggan yang kebocoran data boleh claim apa dari Unifi ?  

250,248 pelanggan Unifi Mobile terjejas pelanggaran data
https://t.co/6zYs25tzO7",in,fairuzyzzainn,"@fahmi_fadzil pelanggan yang kebocoran data boleh claim apa dari unifi ?  

250,248 pelanggan unifi mobile terjejas pelanggaran data
https://t.co/6zys25tzo7", pelanggan yang kebocoran data boleh claim apa dari unifi     pelanggan unifi mobile terjejas pelanggaran data ,"['pelanggan', 'yang', 'kebocoran', 'data', 'boleh', 'claim', 'apa', 'dari', 'unifi', 'pelanggan', 'unifi', 'mobile', 'terjejas', 'pelanggaran', 'data']","['pelanggan', 'kebocoran', 'data', 'claim', 'unifi', 'pelanggan', 'unifi', 'mobile', 'terjejas', 'pelanggaran', 'data']","['langgan', 'bocor', 'data', 'claim', 'unifi', 'langgan', 'unifi', 'mobile', 'jejas', 'langgar', 'data']",langgan bocor data claim unifi langgan unifi mobile jejas langgar data
2022-12-31 15:47:54+00:00,1609214773387984896,"@fahmi_fadzil pelanggan yang kebocoran data boleh claim apa dari Unifi ?  

250,248 pelanggan Unifi Mobile terjejas pelanggaran data
https://t.co/6zYs25u7DF",in,fairuzyzzainn,"@fahmi_fadzil pelanggan yang kebocoran data boleh claim apa dari unifi ?  

250,248 pelanggan unifi mobile terjejas pelanggaran data
https://t.co/6zys25u7df", pelanggan yang kebocoran data boleh claim apa dari unifi     pelanggan unifi mobile terjejas pelanggaran data ,"['pelanggan', 'yang', 'kebocoran', 'data', 'boleh', 'claim', 'apa', 'dari', 'unifi', 'pelanggan', 'unifi', 'mobile', 'terjejas', 'pelanggaran', 'data']","['pelanggan', 'kebocoran', 'data', 'claim', 'unifi', 'pelanggan', 'unifi', 'mobile', 'terjejas', 'pelanggaran', 'data']","['langgan', 'bocor', 'data', 'claim', 'unifi', 'langgan', 'unifi', 'mobile', 'jejas', 'langgar', 'data']",langgan bocor data claim unifi langgan unifi mobile jejas langgar data
2022-12-31 14:00:12+00:00,1609187669761822720,"Maybank menegaskan dakwaan kebocoran data pelanggannya sebagai palsu, dan terus komited untuk melindungi data peribadi pelanggan

Terdahulu, sebuah hantaran di FB mendedahkan 1.8 juta data pelanggan Maybank bocor mengandungi nama penuh, tarikh lahir, alamat dan nombor KP https://t.co/vIxKYixCVE",in,EkonomiRakyatMY,"maybank menegaskan dakwaan kebocoran data pelanggannya sebagai palsu, dan terus komited untuk melindungi data peribadi pelanggan

terdahulu, sebuah hantaran di fb mendedahkan 1.8 juta data pelanggan maybank bocor mengandungi nama penuh, tarikh lahir, alamat dan nombor kp https://t.co/vixkyixcve",maybank menegaskan dakwaan kebocoran data pelanggannya sebagai palsu  dan terus komited untuk melindungi data peribadi pelanggan terdahulu  sebuah hantaran di fb mendedahkan   juta data pelanggan maybank bocor mengandungi nama penuh  tarikh lahir  alamat dan nombor kp ,"['maybank', 'menegaskan', 'dakwaan', 'kebocoran', 'data', 'pelanggannya', 'sebagai', 'palsu', 'dan', 'terus', 'komited', 'untuk', 'melindungi', 'data', 'peribadi', 'pelanggan', 'terdahulu', 'sebuah', 'hantaran', 'di', 'fb', 'mendedahkan', 'juta', 'data', 'pelanggan', 'maybank', 'bocor', 'mengandungi', 'nama', 'penuh', 'tarikh', 'lahir', 'alamat', 'dan', 'nombor', 'kp']","['maybank', 'dakwaan', 'kebocoran', 'data', 'pelanggannya', 'palsu', 'komited', 'melindungi', 'data', 'peribadi', 'pelanggan', 'hantaran', 'fb', 'mendedahkan', 'juta', 'data', 'pelanggan', 'maybank', 'bocor', 'mengandungi', 'nama', 'penuh', 'tarikh', 'lahir', 'alamat', 'nombor', 'kp']","['maybank', 'dakwa', 'bocor', 'data', 'langgan', 'palsu', 'komited', 'lindung', 'data', 'peribadi', 'langgan', 'hantar', 'fb', 'dedah', 'juta', 'data', 'langgan', 'maybank', 'bocor', 'kandung', 'nama', 'penuh', 'tarikh', 'lahir', 'alamat', 'nombor', 'kp']",maybank dakwa bocor data langgan palsu komited lindung data peribadi langgan hantar fb dedah juta data langgan maybank bocor kandung nama penuh tarikh lahir alamat nombor kp
2022-12-31 13:15:44+00:00,1609176480529149953,"KEBOCORAN DATA |Â Masyarakat, Organisasi Perlu SedarÂ Kepentingan Keselamatan Siber https://t.co/488S6tw2Mb",in,BuletinTV3,"kebocoran data |â masyarakat, organisasi perlu sedarâ kepentingan keselamatan siber https://t.co/488s6tw2mb",kebocoran data    masyarakat  organisasi perlu sedar  kepentingan keselamatan siber ,"['kebocoran', 'data', 'masyarakat', 'organisasi', 'perlu', 'sedar', 'kepentingan', 'keselamatan', 'siber']","['kebocoran', 'data', 'masyarakat', 'organisasi', 'sedar', 'kepentingan', 'keselamatan', 'siber']","['bocor', 'data', 'masyarakat', 'organisasi', 'dar', 'penting', 'selamat', 'siber']",bocor data masyarakat organisasi dar penting selamat siber
2022-12-31 12:45:45+00:00,1609168933294342146,"biaya rata-rata kebocoran data diperkirakan tembus Rp78 M di tahun 2023
https://t.co/CSo9aryoFQ",in,idenesiaid,"biaya rata-rata kebocoran data diperkirakan tembus rp78 m di tahun 2023
https://t.co/cso9aryofq",biaya rata rata kebocoran data diperkirakan tembus rp m di tahun  ,"['biaya', 'rata', 'rata', 'kebocoran', 'data', 'diperkirakan', 'tembus', 'rp', 'm', 'di', 'tahun']","['biaya', 'kebocoran', 'data', 'tembus', 'rp', 'm']","['biaya', 'bocor', 'data', 'tembus', 'rp', 'm']",biaya bocor data tembus rp m
2022-12-31 12:25:59+00:00,1609163961781596160,"Maybank sahkan dakwaan kebocoran data sebagai tidak benar 

https://t.co/nyijkZm3dO",in,bernamadotcom,"maybank sahkan dakwaan kebocoran data sebagai tidak benar 

https://t.co/nyijkzm3do",maybank sahkan dakwaan kebocoran data sebagai tidak benar ,"['maybank', 'sahkan', 'dakwaan', 'kebocoran', 'data', 'sebagai', 'tidak', 'benar']","['maybank', 'sahkan', 'dakwaan', 'kebocoran', 'data']","['maybank', 'sahkan', 'dakwa', 'bocor', 'data']",maybank sahkan dakwa bocor data
2022-12-31 12:03:43+00:00,1609158355419033600,"Kebocoran data: Siasatan awal dapati akaun tidak sah

https://t.co/77hlXxo21i",in,suarakeadilan99,"kebocoran data: siasatan awal dapati akaun tidak sah

https://t.co/77hlxxo21i",kebocoran data  siasatan awal dapati akaun tidak sah ,"['kebocoran', 'data', 'siasatan', 'awal', 'dapati', 'akaun', 'tidak', 'sah']","['kebocoran', 'data', 'siasatan', 'dapati', 'akaun', 'sah']","['bocor', 'data', 'siasat', 'dapat', 'akaun', 'sah']",bocor data siasat dapat akaun sah
2022-12-31 10:46:58+00:00,1609139041685102592,"Amanz

Maybank Mengesahkan Dakwaan Kebocoran Data Adalah Palsu Dan Tidak Benar

10 minit yang lalu - https://t.co/cMqo6377Q0",in,akmalarif90,"amanz

maybank mengesahkan dakwaan kebocoran data adalah palsu dan tidak benar

10 minit yang lalu - https://t.co/cmqo6377q0",amanz maybank mengesahkan dakwaan kebocoran data adalah palsu dan tidak benar  minit yang lalu   ,"['amanz', 'maybank', 'mengesahkan', 'dakwaan', 'kebocoran', 'data', 'adalah', 'palsu', 'dan', 'tidak', 'benar', 'minit', 'yang', 'lalu']","['amanz', 'maybank', 'mengesahkan', 'dakwaan', 'kebocoran', 'data', 'palsu', 'minit']","['amanz', 'maybank', 'kesah', 'dakwa', 'bocor', 'data', 'palsu', 'minit']",amanz maybank kesah dakwa bocor data palsu minit
2022-12-31 10:36:55+00:00,1609136511655763968,Maybank Mengesahkan Dakwaan Kebocoran Data Adalah Palsu Dan Tidak Benar https://t.co/slwZDHWeYK https://t.co/3CKBaJT2XT,in,amanz,maybank mengesahkan dakwaan kebocoran data adalah palsu dan tidak benar https://t.co/slwzdhweyk https://t.co/3ckbajt2xt,maybank mengesahkan dakwaan kebocoran data adalah palsu dan tidak benar ,"['maybank', 'mengesahkan', 'dakwaan', 'kebocoran', 'data', 'adalah', 'palsu', 'dan', 'tidak', 'benar']","['maybank', 'mengesahkan', 'dakwaan', 'kebocoran', 'data', 'palsu']","['maybank', 'kesah', 'dakwa', 'bocor', 'data', 'palsu']",maybank kesah dakwa bocor data palsu
2022-12-31 10:36:33+00:00,1609136419410432006,Maybank sahkan dakwaan kebocoran data sebagai tidak benar https://t.co/smOJ3S7Xsn,in,zlk69,maybank sahkan dakwaan kebocoran data sebagai tidak benar https://t.co/smoj3s7xsn,maybank sahkan dakwaan kebocoran data sebagai tidak benar ,"['maybank', 'sahkan', 'dakwaan', 'kebocoran', 'data', 'sebagai', 'tidak', 'benar']","['maybank', 'sahkan', 'dakwaan', 'kebocoran', 'data']","['maybank', 'sahkan', 'dakwa', 'bocor', 'data']",maybank sahkan dakwa bocor data
2022-12-31 10:31:49+00:00,1609135229054357504,"@fahmi_fadzil Dlm data breach TM Unifi.. ada payment info Maybank. Bukan data Maybank yg breached. 

@PendakwahTekno bukan pakar bertauliah utk review kes kebocoran maklumat nie. Dia laju cilok heads up org lain tanpa semak. Suruh delete tweet angkuh tak nak delete. 

https://t.co/ARFTHvwAzM",in,twt_abgjay,"@fahmi_fadzil dlm data breach tm unifi.. ada payment info maybank. bukan data maybank yg breached. 

@pendakwahtekno bukan pakar bertauliah utk review kes kebocoran maklumat nie. dia laju cilok heads up org lain tanpa semak. suruh delete tweet angkuh tak nak delete. 

https://t.co/arfthvwazm", dlm data breach tm unifi   ada payment info maybank  bukan data maybank yg breached  bukan pakar bertauliah utk review kes kebocoran maklumat nie  dia laju cilok heads up org lain tanpa semak  suruh delete tweet angkuh tak nak delete  ,"['dlm', 'data', 'breach', 'tm', 'unifi', 'ada', 'payment', 'info', 'maybank', 'bukan', 'data', 'maybank', 'yg', 'breached', 'bukan', 'pakar', 'bertauliah', 'utk', 'review', 'kes', 'kebocoran', 'maklumat', 'nie', 'dia', 'laju', 'cilok', 'heads', 'up', 'org', 'lain', 'tanpa', 'semak', 'suruh', 'delete', 'tweet', 'angkuh', 'tak', 'nak', 'delete']","['dlm', 'data', 'breach', 'tm', 'unifi', 'payment', 'info', 'maybank', 'data', 'maybank', 'breached', 'pakar', 'bertauliah', 'review', 'kes', 'kebocoran', 'maklumat', 'nie', 'laju', 'cilok', 'heads', 'up', 'org', 'semak', 'suruh', 'delete', 'tweet', 'angkuh', 'nak', 'delete']","['dlm', 'data', 'breach', 'tm', 'unifi', 'payment', 'info', 'maybank', 'data', 'maybank', 'breached', 'pakar', 'tauliah', 'review', 'kes', 'bocor', 'maklumat', 'nie', 'laju', 'cilok', 'heads', 'up', 'org', 'semak', 'suruh', 'delete', 'tweet', 'angkuh', 'nak', 'delete']",dlm data breach tm unifi payment info maybank data maybank breached pakar tauliah review kes bocor maklumat nie laju cilok heads up org semak suruh delete tweet angkuh nak delete
2022-12-31 08:57:14+00:00,1609111425665929217,Maybank sahkan dakwaan kebocoran data sebagai tidakÂ benar https://t.co/tSJivgP5zm,in,MalaysiaGazette,maybank sahkan dakwaan kebocoran data sebagai tidakâ benar https://t.co/tsjivgp5zm,maybank sahkan dakwaan kebocoran data sebagai tidak  benar ,"['maybank', 'sahkan', 'dakwaan', 'kebocoran', 'data', 'sebagai', 'tidak', 'benar']","['maybank', 'sahkan', 'dakwaan', 'kebocoran', 'data']","['maybank', 'sahkan', 'dakwa', 'bocor', 'data']",maybank sahkan dakwa bocor data
2022-12-31 08:45:11+00:00,1609108393985470465,"Malayan Banking Bhd (Maybank) mengesahkan dakwaan mengenai kebocoran data pelanggan yang dikatakan oleh pihak ketiga adalah tidak benar.

https://t.co/2KKHH1BKpy",in,bernamaradio,"malayan banking bhd (maybank) mengesahkan dakwaan mengenai kebocoran data pelanggan yang dikatakan oleh pihak ketiga adalah tidak benar.

https://t.co/2kkhh1bkpy",malayan banking bhd  maybank  mengesahkan dakwaan mengenai kebocoran data pelanggan yang dikatakan oleh pihak ketiga adalah tidak benar  ,"['malayan', 'banking', 'bhd', 'maybank', 'mengesahkan', 'dakwaan', 'mengenai', 'kebocoran', 'data', 'pelanggan', 'yang', 'dikatakan', 'oleh', 'pihak', 'ketiga', 'adalah', 'tidak', 'benar']","['malayan', 'banking', 'bhd', 'maybank', 'mengesahkan', 'dakwaan', 'kebocoran', 'data', 'pelanggan', 'ketiga']","['malayan', 'banking', 'bhd', 'maybank', 'kesah', 'dakwa', 'bocor', 'data', 'langgan', 'tiga']",malayan banking bhd maybank kesah dakwa bocor data langgan tiga
2022-12-31 08:36:21+00:00,1609106169104306176,"Harian Metro

Dakwaan kebocoran data tidak benar: Maybank

11 minit yang lalu - https://t.co/htzHCbattM",in,akmalarif90,"harian metro

dakwaan kebocoran data tidak benar: maybank

11 minit yang lalu - https://t.co/htzhcbattm",harian metro dakwaan kebocoran data tidak benar  maybank  minit yang lalu   ,"['harian', 'metro', 'dakwaan', 'kebocoran', 'data', 'tidak', 'benar', 'maybank', 'minit', 'yang', 'lalu']","['harian', 'metro', 'dakwaan', 'kebocoran', 'data', 'maybank', 'minit']","['hari', 'metro', 'dakwa', 'bocor', 'data', 'maybank', 'minit']",hari metro dakwa bocor data maybank minit
2022-12-31 08:35:08+00:00,1609105866195615746,Maybank sahkan dakwaan kebocoran data tidak benar https://t.co/DxDELoIBTw,in,mkini_bm,maybank sahkan dakwaan kebocoran data tidak benar https://t.co/dxdeloibtw,maybank sahkan dakwaan kebocoran data tidak benar ,"['maybank', 'sahkan', 'dakwaan', 'kebocoran', 'data', 'tidak', 'benar']","['maybank', 'sahkan', 'dakwaan', 'kebocoran', 'data']","['maybank', 'sahkan', 'dakwa', 'bocor', 'data']",maybank sahkan dakwa bocor data
2022-12-31 08:31:39+00:00,1609104988000882694,"Getaran

Maybank Sahkan Dakwaan Kebocoran Data Sebagai Tidak Benar

5 minit yang lalu - https://t.co/4fCTJ8JT15",in,akmalarif90,"getaran

maybank sahkan dakwaan kebocoran data sebagai tidak benar

5 minit yang lalu - https://t.co/4fctj8jt15",getaran maybank sahkan dakwaan kebocoran data sebagai tidak benar  minit yang lalu   ,"['getaran', 'maybank', 'sahkan', 'dakwaan', 'kebocoran', 'data', 'sebagai', 'tidak', 'benar', 'minit', 'yang', 'lalu']","['getaran', 'maybank', 'sahkan', 'dakwaan', 'kebocoran', 'data', 'minit']","['getar', 'maybank', 'sahkan', 'dakwa', 'bocor', 'data', 'minit']",getar maybank sahkan dakwa bocor data minit
2022-12-31 08:30:41+00:00,1609104746681622528,"Malayan Banking Bhd (Maybank) mengesahkan dakwaan mengenai kebocoran data pelanggan yang dikatakan oleh pihak ketiga adalah tidak benar.

#GetaranMY | #Ekonomi  https://t.co/OxNGMkThYd",in,getaranmy,"malayan banking bhd (maybank) mengesahkan dakwaan mengenai kebocoran data pelanggan yang dikatakan oleh pihak ketiga adalah tidak benar.

#getaranmy | #ekonomi  https://t.co/oxngmkthyd",malayan banking bhd  maybank  mengesahkan dakwaan mengenai kebocoran data pelanggan yang dikatakan oleh pihak ketiga adalah tidak benar  getaranmy   ekonomi ,"['malayan', 'banking', 'bhd', 'maybank', 'mengesahkan', 'dakwaan', 'mengenai', 'kebocoran', 'data', 'pelanggan', 'yang', 'dikatakan', 'oleh', 'pihak', 'ketiga', 'adalah', 'tidak', 'benar', 'getaranmy', 'ekonomi']","['malayan', 'banking', 'bhd', 'maybank', 'mengesahkan', 'dakwaan', 'kebocoran', 'data', 'pelanggan', 'ketiga', 'getaranmy', 'ekonomi']","['malayan', 'banking', 'bhd', 'maybank', 'kesah', 'dakwa', 'bocor', 'data', 'langgan', 'tiga', 'getaranmy', 'ekonomi']",malayan banking bhd maybank kesah dakwa bocor data langgan tiga getaranmy ekonomi
2022-12-31 08:27:50+00:00,1609104026704187393,"Maybank mengesahkan dakwaan mengenai kebocoran data pelanggan yang dikatakan oleh pihak ketiga adalah tidak benar.

https://t.co/GcfBBLzkai",in,hmetromy,"maybank mengesahkan dakwaan mengenai kebocoran data pelanggan yang dikatakan oleh pihak ketiga adalah tidak benar.

https://t.co/gcfbblzkai",maybank mengesahkan dakwaan mengenai kebocoran data pelanggan yang dikatakan oleh pihak ketiga adalah tidak benar  ,"['maybank', 'mengesahkan', 'dakwaan', 'mengenai', 'kebocoran', 'data', 'pelanggan', 'yang', 'dikatakan', 'oleh', 'pihak', 'ketiga', 'adalah', 'tidak', 'benar']","['maybank', 'mengesahkan', 'dakwaan', 'kebocoran', 'data', 'pelanggan', 'ketiga']","['maybank', 'kesah', 'dakwa', 'bocor', 'data', 'langgan', 'tiga']",maybank kesah dakwa bocor data langgan tiga
2022-12-31 07:36:03+00:00,1609090995647574021,"Dakwaan kebocoran data palsu, kata Maybank https://t.co/aCCNKcFObd",in,msianinsight,"dakwaan kebocoran data palsu, kata maybank https://t.co/accnkcfobd",dakwaan kebocoran data palsu  kata maybank ,"['dakwaan', 'kebocoran', 'data', 'palsu', 'kata', 'maybank']","['dakwaan', 'kebocoran', 'data', 'palsu', 'maybank']","['dakwa', 'bocor', 'data', 'palsu', 'maybank']",dakwa bocor data palsu maybank
2022-12-31 05:43:09+00:00,1609062582215925761,"@fahmi_fadzil @MyMaybank @sprgovmy No penalty / further action / pampasan for victims kebocoran data, just kenyataan saying that will avoid such thing happen in the future (and literary receive such statement every few years, nothing improved). Please look into it YB @fahmi_fadzil ! https://t.co/lBFhbJUapZ",en,JeremyMeng,"@fahmi_fadzil @mymaybank @sprgovmy no penalty / further action / pampasan for victims kebocoran data, just kenyataan saying that will avoid such thing happen in the future (and literary receive such statement every few years, nothing improved). please look into it yb @fahmi_fadzil ! https://t.co/lbfhbjuapz", no penalty   further action   pampasan for victims kebocoran data  just kenyataan saying that will avoid such thing happen in the future  and literary receive such statement every few years  nothing improved   please look into it yb   ,"['no', 'penalty', 'further', 'action', 'pampasan', 'for', 'victims', 'kebocoran', 'data', 'just', 'kenyataan', 'saying', 'that', 'will', 'avoid', 'such', 'thing', 'happen', 'in', 'the', 'future', 'and', 'literary', 'receive', 'such', 'statement', 'every', 'few', 'years', 'nothing', 'improved', 'please', 'look', 'into', 'it', 'yb']","['no', 'penalty', 'further', 'action', 'pampasan', 'for', 'victims', 'kebocoran', 'data', 'just', 'kenyataan', 'saying', 'that', 'will', 'avoid', 'such', 'thing', 'happen', 'in', 'the', 'future', 'and', 'literary', 'receive', 'such', 'statement', 'every', 'few', 'years', 'nothing', 'improved', 'please', 'look', 'into', 'it', 'yb']","['no', 'penalty', 'further', 'action', 'pampas', 'for', 'victims', 'bocor', 'data', 'just', 'nyata', 'saying', 'that', 'will', 'avoid', 'such', 'thing', 'happen', 'in', 'the', 'future', 'and', 'literary', 'receive', 'such', 'statement', 'every', 'few', 'years', 'nothing', 'improved', 'please', 'look', 'into', 'it', 'yb']",no penalty further action pampas for victims bocor data just nyata saying that will avoid such thing happen in the future and literary receive such statement every few years nothing improved please look into it yb
2022-12-31 04:04:39+00:00,1609037794516795392,"Cybersecurity Malaysia(CSM) dan Jabatan Perlindungan Data Peribadi (JPDP) diminta menjalankan siasatan berhubung dakwaan kebocoran data maklumat membabitkan 13 juta rakyat Malaysia yang tersebar di media sosial awal pagi tadi. 

Fahmi Fadzil 

#KKD
#JabatanPenerangan
#JapenPenang https://t.co/EyMLWNJXiS",in,PenangJapen,"cybersecurity malaysia(csm) dan jabatan perlindungan data peribadi (jpdp) diminta menjalankan siasatan berhubung dakwaan kebocoran data maklumat membabitkan 13 juta rakyat malaysia yang tersebar di media sosial awal pagi tadi. 

fahmi fadzil 

#kkd
#jabatanpenerangan
#japenpenang https://t.co/eymlwnjxis",cybersecurity malaysia csm  dan jabatan perlindungan data peribadi  jpdp  diminta menjalankan siasatan berhubung dakwaan kebocoran data maklumat membabitkan  juta rakyat malaysia yang tersebar di media sosial awal pagi tadi  fahmi fadzil kkd jabatanpenerangan japenpenang ,"['cybersecurity', 'malaysia', 'csm', 'dan', 'jabatan', 'perlindungan', 'data', 'peribadi', 'jpdp', 'diminta', 'menjalankan', 'siasatan', 'berhubung', 'dakwaan', 'kebocoran', 'data', 'maklumat', 'membabitkan', 'juta', 'rakyat', 'malaysia', 'yang', 'tersebar', 'di', 'media', 'sosial', 'awal', 'pagi', 'tadi', 'fahmi', 'fadzil', 'kkd', 'jabatanpenerangan', 'japenpenang']","['cybersecurity', 'malaysia', 'csm', 'jabatan', 'perlindungan', 'data', 'peribadi', 'jpdp', 'menjalankan', 'siasatan', 'berhubung', 'dakwaan', 'kebocoran', 'data', 'maklumat', 'membabitkan', 'juta', 'rakyat', 'malaysia', 'tersebar', 'media', 'sosial', 'pagi', 'fahmi', 'fadzil', 'kkd', 'jabatanpenerangan', 'japenpenang']","['cybersecurity', 'malaysia', 'csm', 'jabat', 'lindung', 'data', 'peribadi', 'jpdp', 'jalan', 'siasat', 'hubung', 'dakwa', 'bocor', 'data', 'maklumat', 'babit', 'juta', 'rakyat', 'malaysia', 'sebar', 'media', 'sosial', 'pagi', 'fahmi', 'fadzil', 'kkd', 'jabatanpenerangan', 'japenpenang']",cybersecurity malaysia csm jabat lindung data peribadi jpdp jalan siasat hubung dakwa bocor data maklumat babit juta rakyat malaysia sebar media sosial pagi fahmi fadzil kkd jabatanpenerangan japenpenang
2022-12-31 03:08:32+00:00,1609023673180258306,"KKD memandang serius dakwaan kebocoran data maklumat melibatkan 13 juta rakyat Malaysia dan mengarahkan supaya akses kepada laman web berkenaan disekat.

Dapatkan berita terkini di Telegram: https://t.co/VkWFQJhAxZ

#TVS122 #TVSNews

https://t.co/idTQJeQBdI",in,tvstvmy,"kkd memandang serius dakwaan kebocoran data maklumat melibatkan 13 juta rakyat malaysia dan mengarahkan supaya akses kepada laman web berkenaan disekat.

dapatkan berita terkini di telegram: https://t.co/vkwfqjhaxz

#tvs122 #tvsnews

https://t.co/idtqjeqbdi",kkd memandang serius dakwaan kebocoran data maklumat melibatkan  juta rakyat malaysia dan mengarahkan supaya akses kepada laman web berkenaan disekat  dapatkan berita terkini di telegram  tvs tvsnews ,"['kkd', 'memandang', 'serius', 'dakwaan', 'kebocoran', 'data', 'maklumat', 'melibatkan', 'juta', 'rakyat', 'malaysia', 'dan', 'mengarahkan', 'supaya', 'akses', 'kepada', 'laman', 'web', 'berkenaan', 'disekat', 'dapatkan', 'berita', 'terkini', 'di', 'telegram', 'tvs', 'tvsnews']","['kkd', 'memandang', 'serius', 'dakwaan', 'kebocoran', 'data', 'maklumat', 'melibatkan', 'juta', 'rakyat', 'malaysia', 'mengarahkan', 'akses', 'laman', 'web', 'disekat', 'dapatkan', 'berita', 'terkini', 'telegram', 'tvs', 'tvsnews']","['kkd', 'pandang', 'serius', 'dakwa', 'bocor', 'data', 'maklumat', 'libat', 'juta', 'rakyat', 'malaysia', 'arah', 'akses', 'laman', 'web', 'sekat', 'dapat', 'berita', 'kini', 'telegram', 'tvs', 'tvsnews']",kkd pandang serius dakwa bocor data maklumat libat juta rakyat malaysia arah akses laman web sekat dapat berita kini telegram tvs tvsnews
2022-12-31 02:45:14+00:00,1609017809878532096,"KKD siasat dakwaan kebocoran data melibatkan Maybank, Astro dan SPR

https://t.co/J5ESYQkw3R",in,fuzzdotmy,"kkd siasat dakwaan kebocoran data melibatkan maybank, astro dan spr

https://t.co/j5esyqkw3r",kkd siasat dakwaan kebocoran data melibatkan maybank  astro dan spr ,"['kkd', 'siasat', 'dakwaan', 'kebocoran', 'data', 'melibatkan', 'maybank', 'astro', 'dan', 'spr']","['kkd', 'siasat', 'dakwaan', 'kebocoran', 'data', 'melibatkan', 'maybank', 'astro', 'spr']","['kkd', 'siasat', 'dakwa', 'bocor', 'data', 'libat', 'maybank', 'astro', 'spr']",kkd siasat dakwa bocor data libat maybank astro spr
2022-12-31 01:39:57+00:00,1609001379498188801,"Lebih dari 200,000 data pengguna Unifi Mobile terjejas akibat kebocoran data

https://t.co/3v44AGUpRo",in,fuzzdotmy,"lebih dari 200,000 data pengguna unifi mobile terjejas akibat kebocoran data

https://t.co/3v44agupro",lebih dari   data pengguna unifi mobile terjejas akibat kebocoran data ,"['lebih', 'dari', 'data', 'pengguna', 'unifi', 'mobile', 'terjejas', 'akibat', 'kebocoran', 'data']","['data', 'pengguna', 'unifi', 'mobile', 'terjejas', 'akibat', 'kebocoran', 'data']","['data', 'guna', 'unifi', 'mobile', 'jejas', 'akibat', 'bocor', 'data']",data guna unifi mobile jejas akibat bocor data
2022-12-31 01:29:42+00:00,1608998799300759552,"knp setiap kali kes kebocoran data, duit akan hilang. knp tak dibayarkan sekali loan rumah &amp; kereta eh.",in,lehkewl,"knp setiap kali kes kebocoran data, duit akan hilang. knp tak dibayarkan sekali loan rumah &amp; kereta eh.",knp setiap kali kes kebocoran data  duit akan hilang  knp tak dibayarkan sekali loan rumah  amp  kereta eh ,"['knp', 'setiap', 'kali', 'kes', 'kebocoran', 'data', 'duit', 'akan', 'hilang', 'knp', 'tak', 'dibayarkan', 'sekali', 'loan', 'rumah', 'amp', 'kereta', 'eh']","['knp', 'kali', 'kes', 'kebocoran', 'data', 'duit', 'hilang', 'knp', 'dibayarkan', 'loan', 'rumah', 'kereta', 'eh']","['knp', 'kali', 'kes', 'bocor', 'data', 'duit', 'hilang', 'knp', 'bayar', 'loan', 'rumah', 'kereta', 'eh']",knp kali kes bocor data duit hilang knp bayar loan rumah kereta eh
2022-12-31 01:19:06+00:00,1608996131673083904,Kebocoran data ni takleh ambil tindakan ke pada syarikat terlibat? https://t.co/NO8W3tLh0g,in,farieziqmal,kebocoran data ni takleh ambil tindakan ke pada syarikat terlibat? https://t.co/no8w3tlh0g,kebocoran data ni takleh ambil tindakan ke pada syarikat terlibat  ,"['kebocoran', 'data', 'ni', 'takleh', 'ambil', 'tindakan', 'ke', 'pada', 'syarikat', 'terlibat']","['kebocoran', 'data', 'ni', 'takleh', 'ambil', 'tindakan', 'syarikat', 'terlibat']","['bocor', 'data', 'ni', 'takleh', 'ambil', 'tindak', 'syarikat', 'libat']",bocor data ni takleh ambil tindak syarikat libat
2022-12-31 00:10:33+00:00,1608978880366534658,"PENGUMUMAN

MBOT mengambil maklum dakwaan sebuah portal mengenai kebocoran data MBOT. Kami juga telah mengambil tindakan sewajarnya dan menyerahkan kepada pihak berkuasa.

#MBOT https://t.co/UnK9dsrS2x",in,mbot_my,"pengumuman

mbot mengambil maklum dakwaan sebuah portal mengenai kebocoran data mbot. kami juga telah mengambil tindakan sewajarnya dan menyerahkan kepada pihak berkuasa.

#mbot https://t.co/unk9dsrs2x",pengumuman mbot mengambil maklum dakwaan sebuah portal mengenai kebocoran data mbot  kami juga telah mengambil tindakan sewajarnya dan menyerahkan kepada pihak berkuasa  mbot ,"['pengumuman', 'mbot', 'mengambil', 'maklum', 'dakwaan', 'sebuah', 'portal', 'mengenai', 'kebocoran', 'data', 'mbot', 'kami', 'juga', 'telah', 'mengambil', 'tindakan', 'sewajarnya', 'dan', 'menyerahkan', 'kepada', 'pihak', 'berkuasa', 'mbot']","['pengumuman', 'mbot', 'mengambil', 'maklum', 'dakwaan', 'portal', 'kebocoran', 'data', 'mbot', 'mengambil', 'tindakan', 'sewajarnya', 'menyerahkan', 'berkuasa', 'mbot']","['umum', 'mbot', 'ambil', 'maklum', 'dakwa', 'portal', 'bocor', 'data', 'mbot', 'ambil', 'tindak', 'wajar', 'serah', 'kuasa', 'mbot']",umum mbot ambil maklum dakwa portal bocor data mbot ambil tindak wajar serah kuasa mbot
2022-12-30 22:36:28+00:00,1608955203621126145,"Sudah berkutat dengan skandal kebocoran data pengguna Facebook oleh Cambridge Analytica sejak 2018, Meta sepakat untuk membayar denda sebesar US$725 juta atau setara dengan 11 triliun rupiah.
Baca di Gamefinity:
https://t.co/E1TyRxRVAM",in,DimasPettigrew,"sudah berkutat dengan skandal kebocoran data pengguna facebook oleh cambridge analytica sejak 2018, meta sepakat untuk membayar denda sebesar us$725 juta atau setara dengan 11 triliun rupiah.
baca di gamefinity:
https://t.co/e1tyrxrvam",sudah berkutat dengan skandal kebocoran data pengguna facebook oleh cambridge analytica sejak   meta sepakat untuk membayar denda sebesar us  juta atau setara dengan  triliun rupiah  baca di gamefinity  ,"['sudah', 'berkutat', 'dengan', 'skandal', 'kebocoran', 'data', 'pengguna', 'facebook', 'oleh', 'cambridge', 'analytica', 'sejak', 'meta', 'sepakat', 'untuk', 'membayar', 'denda', 'sebesar', 'us', 'juta', 'atau', 'setara', 'dengan', 'triliun', 'rupiah', 'baca', 'di', 'gamefinity']","['berkutat', 'skandal', 'kebocoran', 'data', 'pengguna', 'facebook', 'cambridge', 'analytica', 'meta', 'sepakat', 'membayar', 'denda', 'us', 'juta', 'setara', 'triliun', 'rupiah', 'baca', 'gamefinity']","['kutat', 'skandal', 'bocor', 'data', 'guna', 'facebook', 'cambridge', 'analytica', 'meta', 'sepakat', 'bayar', 'denda', 'us', 'juta', 'tara', 'triliun', 'rupiah', 'baca', 'gamefinity']",kutat skandal bocor data guna facebook cambridge analytica meta sepakat bayar denda us juta tara triliun rupiah baca gamefinity
2022-12-30 17:19:45+00:00,1608875500897980416,"@fahmi_fadzil @McmcReact @MyMaybank @sprgovmy YB @fahmi_fadzil wajib Siasat Bukan sahaja Bank, Telcos, banyak lagi even Aplikasi mudah alih pun nampak kerajaan lemah menangani Isu kebocoran data maklumat, itu blm cakp pasal Ah Long/Ceti haram yg sdg berleluasa viralkan data maklumat seseorang.. Pls YB tq",in,Sukarelawan1M,"@fahmi_fadzil @mcmcreact @mymaybank @sprgovmy yb @fahmi_fadzil wajib siasat bukan sahaja bank, telcos, banyak lagi even aplikasi mudah alih pun nampak kerajaan lemah menangani isu kebocoran data maklumat, itu blm cakp pasal ah long/ceti haram yg sdg berleluasa viralkan data maklumat seseorang.. pls yb tq", yb wajib siasat bukan sahaja bank  telcos  banyak lagi even aplikasi mudah alih pun nampak kerajaan lemah menangani isu kebocoran data maklumat  itu blm cakp pasal ah long ceti haram yg sdg berleluasa viralkan data maklumat seseorang   pls yb tq,"['yb', 'wajib', 'siasat', 'bukan', 'sahaja', 'bank', 'telcos', 'banyak', 'lagi', 'even', 'aplikasi', 'mudah', 'alih', 'pun', 'nampak', 'kerajaan', 'lemah', 'menangani', 'isu', 'kebocoran', 'data', 'maklumat', 'itu', 'blm', 'cakp', 'pasal', 'ah', 'long', 'ceti', 'haram', 'yg', 'sdg', 'berleluasa', 'viralkan', 'data', 'maklumat', 'seseorang', 'pls', 'yb', 'tq']","['yb', 'wajib', 'siasat', 'sahaja', 'bank', 'telcos', 'even', 'aplikasi', 'mudah', 'alih', 'nampak', 'kerajaan', 'lemah', 'menangani', 'isu', 'kebocoran', 'data', 'maklumat', 'blm', 'cakp', 'pasal', 'ah', 'long', 'ceti', 'haram', 'sdg', 'berleluasa', 'viralkan', 'data', 'maklumat', 'pls', 'yb', 'tq']","['yb', 'wajib', 'siasat', 'sahaja', 'bank', 'telcos', 'even', 'aplikasi', 'mudah', 'alih', 'nampak', 'raja', 'lemah', 'tangan', 'isu', 'bocor', 'data', 'maklumat', 'blm', 'cakp', 'pasal', 'ah', 'long', 'ceti', 'haram', 'sdg', 'leluasa', 'viralkan', 'data', 'maklumat', 'pls', 'yb', 'tq']",yb wajib siasat sahaja bank telcos even aplikasi mudah alih nampak raja lemah tangan isu bocor data maklumat blm cakp pasal ah long ceti haram sdg leluasa viralkan data maklumat pls yb tq
2022-12-30 16:19:29+00:00,1608860332759609345,"Kebocoran Data peribadi berlaku ...

Data leakage &gt; sell data &gt; scam victim &gt; profitable by scammer 

Carta atas ni ulang every hours sebanarnya tanpa kita sedar ...",in,ImArifAiman,"kebocoran data peribadi berlaku ...

data leakage &gt; sell data &gt; scam victim &gt; profitable by scammer 

carta atas ni ulang every hours sebanarnya tanpa kita sedar ...",kebocoran data peribadi berlaku     data leakage  gt  sell data  gt  scam victim  gt  profitable by scammer carta atas ni ulang every hours sebanarnya tanpa kita sedar    ,"['kebocoran', 'data', 'peribadi', 'berlaku', 'data', 'leakage', 'gt', 'sell', 'data', 'gt', 'scam', 'victim', 'gt', 'profitable', 'by', 'scammer', 'carta', 'atas', 'ni', 'ulang', 'every', 'hours', 'sebanarnya', 'tanpa', 'kita', 'sedar']","['kebocoran', 'data', 'peribadi', 'berlaku', 'data', 'leakage', 'gt', 'sell', 'data', 'gt', 'scam', 'victim', 'gt', 'profitable', 'by', 'scammer', 'carta', 'ni', 'ulang', 'every', 'hours', 'sebanarnya', 'sedar']","['bocor', 'data', 'peribadi', 'laku', 'data', 'leakage', 'gt', 'sell', 'data', 'gt', 'scam', 'victim', 'gt', 'profitable', 'by', 'scammer', 'carta', 'ni', 'ulang', 'every', 'hours', 'banar', 'dar']",bocor data peribadi laku data leakage gt sell data gt scam victim gt profitable by scammer carta ni ulang every hours banar dar
2022-12-30 15:17:33+00:00,1608844746218442752,Kerajaan Siasat Dakwaan Kebocoran Data - https://t.co/XnMrRdjhp5,in,MyMESOLab,kerajaan siasat dakwaan kebocoran data - https://t.co/xnmrrdjhp5,kerajaan siasat dakwaan kebocoran data   ,"['kerajaan', 'siasat', 'dakwaan', 'kebocoran', 'data']","['kerajaan', 'siasat', 'dakwaan', 'kebocoran', 'data']","['raja', 'siasat', 'dakwa', 'bocor', 'data']",raja siasat dakwa bocor data
2022-12-30 14:58:10+00:00,1608839868364525573,"@kosmo_online Kebocoran data pelanggan tu atas kesalahan pihak exclusive bank juga yang mana ada setengah individu yang sanggup jual data pelanggan untuk hidup senang ,duit pelanggan kalau lesap belum tentu lagi pidm nak tanggung isu bekas CEO cimb pergi labur dekat genting tu apa cerita?",in,haizad550,"@kosmo_online kebocoran data pelanggan tu atas kesalahan pihak exclusive bank juga yang mana ada setengah individu yang sanggup jual data pelanggan untuk hidup senang ,duit pelanggan kalau lesap belum tentu lagi pidm nak tanggung isu bekas ceo cimb pergi labur dekat genting tu apa cerita?", kebocoran data pelanggan tu atas kesalahan pihak exclusive bank juga yang mana ada setengah individu yang sanggup jual data pelanggan untuk hidup senang  duit pelanggan kalau lesap belum tentu lagi pidm nak tanggung isu bekas ceo cimb pergi labur dekat genting tu apa cerita ,"['kebocoran', 'data', 'pelanggan', 'tu', 'atas', 'kesalahan', 'pihak', 'exclusive', 'bank', 'juga', 'yang', 'mana', 'ada', 'setengah', 'individu', 'yang', 'sanggup', 'jual', 'data', 'pelanggan', 'untuk', 'hidup', 'senang', 'duit', 'pelanggan', 'kalau', 'lesap', 'belum', 'tentu', 'lagi', 'pidm', 'nak', 'tanggung', 'isu', 'bekas', 'ceo', 'cimb', 'pergi', 'labur', 'dekat', 'genting', 'tu', 'apa', 'cerita']","['kebocoran', 'data', 'pelanggan', 'tu', 'kesalahan', 'exclusive', 'bank', 'individu', 'sanggup', 'jual', 'data', 'pelanggan', 'hidup', 'senang', 'duit', 'pelanggan', 'lesap', 'pidm', 'nak', 'tanggung', 'isu', 'bekas', 'ceo', 'cimb', 'pergi', 'labur', 'genting', 'tu', 'cerita']","['bocor', 'data', 'langgan', 'tu', 'salah', 'exclusive', 'bank', 'individu', 'sanggup', 'jual', 'data', 'langgan', 'hidup', 'senang', 'duit', 'langgan', 'lesap', 'pidm', 'nak', 'tanggung', 'isu', 'bekas', 'ceo', 'cimb', 'pergi', 'labur', 'genting', 'tu', 'cerita']",bocor data langgan tu salah exclusive bank individu sanggup jual data langgan hidup senang duit langgan lesap pidm nak tanggung isu bekas ceo cimb pergi labur genting tu cerita
2022-12-30 14:37:19+00:00,1608834621046947843,"@BernamaTV Impak negative !!! 
Nama, KP #, Talipon &amp;:lain-lain  BOCOR Data  d iJual kpd parti parti tidak bertanggung-jawab utk ""SCAM-SCAM"", ramai Rakyat mangsa Scam!

Malaysia mesti TEGAS syarikat laksana  hentikan kebocoran Data dan  henti ramai jadi mangsa-Scam- hilang berribu-Wang.",in,Macyng71,"@bernamatv impak negative !!! 
nama, kp #, talipon &amp;:lain-lain  bocor data  d ijual kpd parti parti tidak bertanggung-jawab utk ""scam-scam"", ramai rakyat mangsa scam!

malaysia mesti tegas syarikat laksana  hentikan kebocoran data dan  henti ramai jadi mangsa-scam- hilang berribu-wang.", impak negative     nama  kp   talipon  amp  lain lain bocor data d ijual kpd parti parti tidak bertanggung jawab utk  scam scam   ramai rakyat mangsa scam  malaysia mesti tegas syarikat laksana hentikan kebocoran data dan henti ramai jadi mangsa scam  hilang berribu wang ,"['impak', 'negative', 'nama', 'kp', 'talipon', 'amp', 'lain', 'lain', 'bocor', 'data', 'd', 'ijual', 'kpd', 'parti', 'parti', 'tidak', 'bertanggung', 'jawab', 'utk', 'scam', 'scam', 'ramai', 'rakyat', 'mangsa', 'scam', 'malaysia', 'mesti', 'tegas', 'syarikat', 'laksana', 'hentikan', 'kebocoran', 'data', 'dan', 'henti', 'ramai', 'jadi', 'mangsa', 'scam', 'hilang', 'berribu', 'wang']","['impak', 'negative', 'nama', 'kp', 'talipon', 'bocor', 'data', 'ijual', 'kpd', 'parti', 'parti', 'bertanggung', 'scam', 'scam', 'ramai', 'rakyat', 'mangsa', 'scam', 'malaysia', 'mesti', 'syarikat', 'laksana', 'hentikan', 'kebocoran', 'data', 'henti', 'ramai', 'mangsa', 'scam', 'hilang', 'berribu', 'wang']","['impak', 'negative', 'nama', 'kp', 'talipon', 'bocor', 'data', 'ijual', 'kpd', 'parti', 'parti', 'tanggung', 'scam', 'scam', 'ramai', 'rakyat', 'mangsa', 'scam', 'malaysia', 'mesti', 'syarikat', 'laksana', 'henti', 'bocor', 'data', 'henti', 'ramai', 'mangsa', 'scam', 'hilang', 'ribu', 'wang']",impak negative nama kp talipon bocor data ijual kpd parti parti tanggung scam scam ramai rakyat mangsa scam malaysia mesti syarikat laksana henti bocor data henti ramai mangsa scam hilang ribu wang
2022-12-30 14:30:32+00:00,1608832915424829445,"Kini terjadinya kebocoran data menjadi hal yang utama untuk diperhatikan dan kritis dalam menanggulangi kejahatan Cracker maupun Hacker. Maka dari itu, Sobat Heylaw perlu banget nih ikut Pelatihan Pelindungan Data Pribadi. Catat Tanggalnya ya! Heylawâ€¦ https://t.co/zCLtmnkUZ9",in,HeyLawID,"kini terjadinya kebocoran data menjadi hal yang utama untuk diperhatikan dan kritis dalam menanggulangi kejahatan cracker maupun hacker. maka dari itu, sobat heylaw perlu banget nih ikut pelatihan pelindungan data pribadi. catat tanggalnya ya! heylawâ€¦ https://t.co/zcltmnkuz9",kini terjadinya kebocoran data menjadi hal yang utama untuk diperhatikan dan kritis dalam menanggulangi kejahatan cracker maupun hacker  maka dari itu  sobat heylaw perlu banget nih ikut pelatihan pelindungan data pribadi  catat tanggalnya ya  heylaw    ,"['kini', 'terjadinya', 'kebocoran', 'data', 'menjadi', 'hal', 'yang', 'utama', 'untuk', 'diperhatikan', 'dan', 'kritis', 'dalam', 'menanggulangi', 'kejahatan', 'cracker', 'maupun', 'hacker', 'maka', 'dari', 'itu', 'sobat', 'heylaw', 'perlu', 'banget', 'nih', 'ikut', 'pelatihan', 'pelindungan', 'data', 'pribadi', 'catat', 'tanggalnya', 'ya', 'heylaw']","['kebocoran', 'data', 'utama', 'diperhatikan', 'kritis', 'menanggulangi', 'kejahatan', 'cracker', 'hacker', 'sobat', 'heylaw', 'banget', 'pelatihan', 'pelindungan', 'data', 'pribadi', 'catat', 'tanggalnya', 'heylaw']","['bocor', 'data', 'utama', 'perhati', 'kritis', 'tanggulang', 'jahat', 'cracker', 'hacker', 'sobat', 'heylaw', 'banget', 'latih', 'lindung', 'data', 'pribadi', 'catat', 'tanggal', 'heylaw']",bocor data utama perhati kritis tanggulang jahat cracker hacker sobat heylaw banget latih lindung data pribadi catat tanggal heylaw
2022-12-30 14:02:12+00:00,1608825787335200777,"30 Dis - KKD siasat dakwaan kebocoran data melibatkan Maybank, Astro, SPR
@fahmi_fadzil 
@kkmm_gov 

'Yang sahih di Berita RTM'
#RTM #BeritaRTM https://t.co/ZoXUsV3UFa",in,beritartm,"30 dis - kkd siasat dakwaan kebocoran data melibatkan maybank, astro, spr
@fahmi_fadzil 
@kkmm_gov 

'yang sahih di berita rtm'
#rtm #beritartm https://t.co/zoxusv3ufa", dis   kkd siasat dakwaan kebocoran data melibatkan maybank  astro  spr  yang sahih di berita rtm  rtm beritartm ,"['dis', 'kkd', 'siasat', 'dakwaan', 'kebocoran', 'data', 'melibatkan', 'maybank', 'astro', 'spr', 'yang', 'sahih', 'di', 'berita', 'rtm', 'rtm', 'beritartm']","['dis', 'kkd', 'siasat', 'dakwaan', 'kebocoran', 'data', 'melibatkan', 'maybank', 'astro', 'spr', 'sahih', 'berita', 'rtm', 'rtm', 'beritartm']","['dis', 'kkd', 'siasat', 'dakwa', 'bocor', 'data', 'libat', 'maybank', 'astro', 'spr', 'sahih', 'berita', 'rtm', 'rtm', 'beritartm']",dis kkd siasat dakwa bocor data libat maybank astro spr sahih berita rtm rtm beritartm
