Tweet,Sentiment
"@javminded Urusan kebocoran data pengguna itu nomor sekian, giliran ginian cepet. emang itu kementrian isinya orang2 gubluk bin tolol",negative
"Pada dasarnya #bjorka hanya orang tolol yang cari perhatian ????????
Ngapain lu sok2an nyebar kebocoran data Indonesia yg security nya lemah dan pada dasarnya udah bocor sebelum lu berulah.  ????????",negative
"@cauliflower1006 @folktrade @Askrlfess Iya mbak, namanya juga masyarakat kita sekarang lagi pd kecewa2 nya sama pemerintah gara2 bbm dinaikin, kasus sambo, belum lg yg kebocoran data, digiring opini sedikit ya udh duaarr???Å
Padahal udh dr dulu jg shell s",negative
"Seperti yg gw bilang fokus disini tuh emang harusnya soal kebocoran data pribadi....

Sekarang semakin melebar kan banyak idol lain juga kena",negative
kebocoran data :( https://t.co/jhjl4k4jBf,negative
"@AswinDafry Kebocoran data bs dr mana aja sih, padahal ga pernah pake pinjol ilegal. Satu2nya pinjol cm kredivo doang.",negative
Kebocoran data bisa berdampak pada kejahatan siber lain yang merugikan seperti kejahatan transaksi keuangan @kemkominfo @PlateJohnny https://t.co/9RZueYfy9P,negative
"Sikampret keknya gegara kebocoran data, akun steam gw dicoba dibobol orang, 2 kali

Two-factor authentication emang perlu banget sekarang dipake di akun mana aja https://t.co/B8dNpRle8Y",negative
@yourpadawann @mouldie_sep Kebocoran sejumlah websiteÉ?ù indo jadi ikut andil buat kebocoran data.,negative
"Criminal Minds: memanfaatkan kebocoran data melalui big data. 

KBI 2022 @idBigData https://t.co/suMvXTFyiH",negative
"@idBigData Saya yakin peserta ndak akan jadi kriminal meski diajarin bagaimana berpikir jadi kriminal. ????

Semoga dengan tahu cara pikir kriminal, kita bisa mengamankan diri sendiri, orang terdekat, dan publik dari para kriminal yg memanfaatkan kebocora",negative
"Last, but not Least! 
Mas @ismailfahmi dari Drone Emprit dan Media Kernels Indonesia membahas mengenai ""Criminal Mind: Memanfaatkan Kebocoran Data melalui Big Data""

#KonferensiBigDataIndonesia2022 #KBI2022 #idBigdata #BigData #ngulikbigdata https://t.co/thiLRSGRwb",negative
"Meresahkan sekali kebocoran data  dan spam di WhatsApp, tiap hari ada aja yg diblokir https://t.co/tyC8tHKDjG",negative
@CNNIndonesia Jadi isu kebocoran data gegara ulah Bjorka selamaini cuma prank bwat keluarin anggaran BSSN?? jadi database kita selamaini ternyata aman2 aja gitu? nggada yg ngehack? ????????????,negative
@karirfess karena kebocoran data yg sering terjadi dimana mana kack,negative
"Pertanyaannya, e-KTP aja belum bisa dimanfaatkan sebagaimana ""elektronik"" kok malah bikin proyek baru KTP Digital? Gak takut kebocoran data lagi? Apa urgensinya? Apa roadmap kedepannya dengan adanya KTP Digital? Apakah e-KTP tidak bisa menyelesaikan masalah seperti KTP Digital?",negative
Kebocoran data is real bosku https://t.co/IDUu2APiym,negative
"Jangan mudah terprovokasi oleh isu kebocoran data pribadi, bersikaplah tenang dan jangan saling menyalahkan. https://t.co/f2bUJSzmys",negative
"Netizen tertipu oleh permainan rezim, issue bejorka dimunculkan ternyata untuk mengeluarkan dan menaikan anggaran, berawal dari kominfo yg mengakui ada kebocoran data hingga milyaran, rupanya ini dilakukan sebagai trik untuk menaikkan anggaran",negative
@CNNIndonesia BPKB elektronik....trus kebocoran data...trus dipake ngutang orang????,negative
"Bgmn tidak mau ada kebocoran data,kalau urus apa apa masih pakai fotocopy Dokumen pribadi dimana disitu ada Nik, No KK dll. Kalau langsung dibakar atau Dirajang tak masalah ,repotnya kalau dikiloin, dijual buat bungkus .",negative
"Gini ya. Buat siapapun yang merasa kebocoran data itu biasa, dan dalam UU PDP disebut data pribadi UMUM... Intinya kebocoran data itu BERHAYA! tolong pejabat, mentri, yang GA NGERTI JANGAN SOK NGERTI!. Ponakan saya, baru baru ini tiba tiba ada transaksi dari luar negeri",negative
Atau atleast kebocoran data bakal ditanggapi sebagai isu yang serius dan perlu ditangani secepatnya sebaik mungkin.,negative
@PresidenKopi Masih percaya kebocoran data karena di hack?,negative
"@remotivi Jadi lupa kebocoran data pribadi
Jadi lupa kasus sambo
Jadi lupa BBM naik",negative
oh jd mecima ikut andil di kasus kebocoran data pribadi https://t.co/wwtiYmt8J7,negative
"@nazaqistsha byorka pura?˝ jadi hacker, ntar departmen nganu pura?˝ kebocoran data, pihak yg kontra rejim diberangus suaranya di media, trus si pura?˝ hacker dan sejenisnya  dikambing hitamin",negative
"@PartaiSocmed Dan ketika mereka kebocoran,kita (masyarakat)yg disalahkan karna gak É??menjagaÉ?ùdata pribadi...
Bangke sekali",negative
@hyang_wisnu @PlateJohnny @kemkominfo @kemkominfo @PlateJohnny denda sebanyak-banyaknya supaya tidak ada yang meremehkan masalah kebocoran data.,negative
Polri Pastikan Tidak Ada Kebocoran Data di Internet https://t.co/ioFhqgnTBU https://t.co/k5jr0JIw6Y,negative
"Gini deh,
Perhatiin aja cukup jarang ada pernyataan aneh yg kesaannya ""ga siap untuk dijawab"" di podcast close the door.

Sementara kan kita tau, pemerintah tuh sering ga siap di tanya yg spontan. Org kasus kebocoran data aja jawabnya ""kalau bisa hacker jangan menyerang""",negative
"@amourtir Kebocoran data pribadi siapa yg bertanggung jwb ,,,,",negative
Gitu kok masih ada yang heran kenapa kebocoran data di indo kok gampang banget ya? Id aha dibilang sampah dan dibuang gitu aja????É?ç???? padahal harusnya dihancurin/dibakar https://t.co/TVHpZVDjj1,negative
"isu awal bulan ini kebocoran dta tuh, kita sudah dibutakan oleh kemampuan si bjorka while data permanen kita bocor, alis data yg emang ga bakal bisa kita ubah. yg jadi masalah juga di awal ialah dimana pihak kedua yaitu pemerintah menggunakan kekuasaanny-

https://t.co/uIKCyLmcPA https://t.co/lhIYgAT5JR",negative
"@hellkugz @Gladislagiwoy @AnisaRizkiyaL @Dennysiregar7 Kebocoran pasti ada info dari dalam Bozz,,spt waktu kayanya ada kebocoran data yg dulu itu ternyata orang dalem Telkomsel yg ksh data, ngakunya aja hacker hebat, trnyta cuma dibayar 5jt sama Haikal Ha",negative
"@bukanBeatricemu @jogjamnfs well, sebenarnya itulah salah satu efek dari kebocoran data yang udah-udah",negative
@Cintada16 Berarti benar ada kebocoran data.,negative
"Melindungi?ˇdata pribadi?ˇsangatlah penting, mengingat akhir-akhir ini maraknya kasus kebocoran data.

https://t.co/8YF3PMma3N",negative
"@gatotkacagovlog Kayanya kalo kena hack nggak deh, kan itu teknologi bawaan hpnya. Kebanyakan kasus itu kebocoran data pelanggan yg dipegang sama penyedia jasa atau kemkominfo. Soalnya mindah eSIM setau gw tetep perlu masuk ke settings, while kalo dicuri ",negative
Gini nih gara gara kebocoran data? Atau kerjaan syopi? https://t.co/4IX9IykGf9,negative
"Perlu difahami nih biar gak salah lagi, mengenai kebocoran data itu merupakan kewenangan BSSN bukan Kemkominfo lagi. https://t.co/e3S1UNf6Dm",negative
@bukannoval @sapireuw @ksandrashian Anjir kebocoran data ini wkwk,negative
"Bjorka itu kan cuman kambing hitam, padahal kebocoran data tsb sudah lama terjadi, berhubung sudah viral maka siapa lagi yg bisa di salahkan kalo bukan si kambing hitam. https://t.co/xWYksKZIOg",negative
Polri Tegaskan Isu Kebocoran 26 Juta Data Polisi Hoax &amp; Sudah Usang https://t.co/RMOnwuryiK,negative
"@hyang_wisnu @kemkominfo Semoga tidak akan ada lagi kasus kebocoran data dengan adanya UU PDP ini.
@kemkominfo @PlateJohnny",negative
"@hyang_wisnu @PlateJohnny Semoga dengan kejadian ini PSE bisa lebih mewaspadai terjadinya kebocoran data di kemudian hari. 
@kemkominfo @PlateJohnny",negative
"Mengenai hal ini, bukan hanya sekedar tanggung jawab dari Kemkominfo saja, melainkan Kemendagri pun harus ikut bertanggung jawab atas terjadinya kebocoran data. https://t.co/l10eNupUd3",negative
Semoga dengan adanya tim ini dapat menangani kasus kebocoran data yang terjadi saat ini. https://t.co/eYNdUrcOfu,negative
"errrr, karena case kebocoran data kemaren2 itu, dukcapil jadi batesin registrasi kartu max jam 20.00 wib, ihhh gimana dong sales2 gue yang jualan malem ??ù˝",negative
"Kasus kebocoran data diindonesia sudah terjadi beberapa kali. Hal ini menandakan negara telah gagal dalam memberikan perlindungan kepada masyarakat, termasuk dalam hal keamanan data digital.
https://t.co/H4WQ02TwgB
#IslamKaffah",negative
"Mabes Polri Pastikan Dalami Dugaan Kebocoran 26 Juta Data Milik Anggota Polri
https://t.co/OIO3uMhkYn",negative
"Kebocoran data ini ga main2. Blm lama ada pasutri ketipu hampir 18jt cm krn si suami panik klo istrinya dpt tagihan puluhan juta.
Ndilalah emnk ada tabungan segitu. Dan lewat gt aja itu duit. Ckckck",negative
"Harus dibiasain ngesave nama org2 terdekat dgn namanya sendiri or singkatan.
Kebocoran data ini udh mesti diantisipasi dgn usaha apapun di diri sendiri emnk.",negative
"KEBOCORAN DATA PUBLIK, TANGGUNG JAWAB SIAPA? #Pojokaktivis https://t.co/TkJByx43XA",negative
"Di jaman digital yg internetnya lambat dikit lsg nlp customer service.
Udh jgn kagetan lg soal kebocoran data.
Udh parah ini bocornya.
Siapapun bisa punya foto KTP kalian bahkan temenAhok yg dulu ngumpulin KTP pun kalah sm sindikat ini.",negative
Polri Pastikan Tak Ada Kebocoran Data Anggota - FBINEWS https://t.co/63ZqktxvDI,negative
"Saat ini, Pemerintah sedang dibuat kelimpungan oleh sosok É??hacker bertopengÉ?ù bernama Bjorka. Faktanya, kasus kebocoran data tidak terjadi kali ini saja. Kebocoran kecil menyangkut data pribadi, diakui oleh Menkominfo, terjadi setiap detik. https://t.co/K7nMc3qlEW
#IslamKaffah",negative
Kebocoran data bisa digunakan kriminal sebagai data dasar untuk melakukan kejahatan. https://t.co/a4u0ScSKaE,negative
@adan_asar @foritaeyong Ini kok bisa gini ya? Apa karena kebocoran data?,negative
"Kemanan data di negeri kita emg bnr"" tdk aman, kebocoran data sering terjdi, &amp; negara spt lepas tanggung jwb,paslnya mrk bilang ini data umum bkn rhasia

#IslamKaffah",negative
"Hack bjorka berhasil meretas bbrpa data para pejbat
Kebocoran data ini teruss berkali"" trjd
dugaan dta yg bcr diprjualblikn di forum hacker. Konsmn utmny adlh pra pbisns &amp; pihk yh berkecimbung d dunia pltik
#IslamKaffah 
Lbh jls ada sni ????
https://t.co/jE0xWoAAqo",negative
Kebocoran data pribadi akhir-akhir ini marak terjadi. Mengarahkan telunjuk hanya kepada terduga pelaku yang membocorkannya adalah sesuatu yang naif. Institusi yang menyimpan data tersebut juga harus bertanggung jawab.,negative
"Bocor Data, di Mana Perlindungan Negara?
Kebocoran data pribadi sampai  negara sangat berbahaya bagi negeri ini.
#IslamKaffah https://t.co/ebO3IosY0X",negative
Polri Pastikan Tak Ada Kebocoran Data Anggota https://t.co/Z3M18CSIOE,negative
Polri Pastikan Tak Ada Kebocoran Data?ˇAnggota https://t.co/uthWZ4wYvP,negative
Atau ini ada kaitannya ga sih sama kebocoran data kapan hari ? Sumpah aku takut bgt kalo smpe data2 kyk gitu disalah gunain sama orang2 yg ga ada hati nuraninya,negative
"Faktanya, kasus kebocoran data tidak terjadi kali ini saja. Kebocoran kecil menyangkut data pribadi, diakui oleh Menkominfo, terjadi setiap detik.
https://t.co/ZAhYX4SQvF
#IslamKaffah",negative
"Memasuki awal bulan September, masyarakat dikejutkan dengan banyaknya berita hangat yang terjadi di Indonesia, salah satunya kebocoran data. 

Berita ini membawa keresahan dan protes massa yang merasa dirugikan serta takut terdampak akibat dari kejadian ini. https://t.co/5wbga0jZ4a",negative
"@hyang_wisnu @PlateJohnny Semoga setelah ini tidak akan ada lagi kasus kebocoran data.
@kemkominfo @PlateJohnny",negative
Cak Imin Minta BSSN Serius Antisipasi Kebocoran Data https://t.co/mii0orgWxk,negative
@traggot99 itu malah bukan scammernya menurut gw -_- gampang banget korban percaya foto KTP yg dapet dari google ato kebocoran data,negative
"@OposisiCerdas Receh amat pak .. lapor hal sepele... 
hal sepele dibesar..besarkan...

Lapor tuh kebocoran data milik rakyat Indonesia gimana pertanggung jawabannya.",negative
"@hyang_wisnu @kemkominfo @PlateJohnny @jokowi Walaupun @kemkominfo tidak menyebabkan kebocoran data, tapi pastinya Kominfo melakukan penulusuran lebih lanjut. @PlateJohnny",negative
"@hyang_wisnu @kemkominfo @PlateJohnny @jokowi @1nvisible5 @ZilaAr_ @216yussuf @45d3nn_ Sudah jelas bahwa kebocoran data tersebut bukan berasal dari @kemkominfo. 
@PlateJohnny",negative
"@foritaeyong Yakin ini KTP yang bersangkutan? Ga curiga ini imbas kebocoran/jual beli data berupa identitas (KTP) yang salah satunya digunakan seperti ini, buat nipu orang?",negative
"kebocoran data akibat ulah Bjorka sungguh masif. Kemanakah kasus FS? Apakah ini pengalihan isu? Simak video serba serbi MMC berikut ini. #Islamkaffah
https://t.co/D9vBSv6P4Z https://t.co/2xmTf0qrtB",negative
"Bjorka | Kasus FS | Serba-serbi MMC
negara dlm sistem Islam adlh melindungi keamanan warganya, termsk keamanan perlindungan data.akan menjadi pihak terdepan dlm menyelesaikan kebocoran data, selain dpt merugikn pemiliknya, jg dpt mengganggu stabilitas keamanan negara
#Islamkaffah",negative
"Mengeluh jadi korban kebocoran data, tapi diri sendiri masih tidak bisa menjaga privasi pesan singkat dari orang lain.",negative
"Simak! Palo Alto Beberkan Persoalan Kebocoran Data Beserta Langkah Pengamanan

https://t.co/mH1KpQTIJI",negative
"@wonugariskeras Inilah yg gw takutkan dr kebocoran data. Orang mungkin gaakan nyuri duit gw karena ga seberapa jg, tp kalo data gw dipake buat tindak kriminal kan babi",negative
Kebocoran Data Lawas Dijual?ˇKembali https://t.co/d9SwI6koJv,negative
"Apa ini ada hubungannya dgn kebocoran data kita ya ?? Takut bangetttt, sampe sempat yakin kalo itu beneran call centre yg nelpon ! Hati hati ya guys !!",negative
"2. Remisi bagi koruptor, kasus Sambo, isu kenaikan BBM yang berakibat pada kenaikan harga kebutuhan pokok, kasus kebocoran data dan kasus di Papua dikhawatirkan dimanfaatkan oleh kelompok tertentu untuk membuat kekacauan.

Yth
@jokowi
@mohmahfudmd
@Jend_DudungAR
@ListyoSigitP
???? https://t.co/FtOY4AJvOK",negative
"@foritaeyong Apa ga curiga, dengan dia ngasih ktp seenteng itu, yakin itu ktp nya dia?
Terlebih lg marak kebocoran data.",negative
"Tak Ada Kebocoran Rahasia Negara, Mahfud MD Nilai Hacker Bjorka Cuma Ngarang Data Incarannya https://t.co/bDA4gv0KsM",negative
@ApeAstronautz @NovalAssegaf polri dah ngaku2 ada kebocoran 25 juta data pegawai aja ????????,negative
Cak Imin Minta BSSN Lebih Serius Tangani Kebocoran Data https://t.co/N7WlqXsbeb,negative
@homecreditid Logikanya dimana? Saya gak daftar disuruh verifikasi. Saya gak ngutang tapi ditelpon tiap hari kayak dikejar debt collector. Saya muslim. Ngutang pakai riba haram.  Dapat data saya darimana?? Dari kebocoran data kah? https://t.co/Rq9nnOYJye,negative
"Khilafah akan menjadi pihak terdepan dalam menyelesaikan kebocoran data. Apalagi data rahasia negara, dengan teknologi terdepannya, Khilafah akan mampu menciptaka

Baca: Ramai Memburu Bjorka, Kasus Sambo Jangan Sampai Lepa

#Opini

https://t.co/taaO2HEV3N

https://t.co/pnA9UtzEuH",negative
@detikcom jangan kebanyakkan ngide lah mending beresin dulu keamanan dari kebocoran data,negative
"Sampai hari ini orang masih pada rame bahas kebocoran data, data kependudukan dibobol hacker. But, wait!! 
Apa kita sudah peduli dengan data kita sendiri? 
Apakah orang sudah peduli terhadap data orang lain?",negative
"@Mzarifprayugo Hai, Kak Zarif. Maaf jadi ga nyaman. Arel infoin, Telkomsel selalu menjaga data pribadi pelanggan ya. Arel pastiin bahwa kebocoran data tersebut bukan berasal dari sistem yang dikelola Telkomsel ya. Tks???? -Arel",negative
"Heboh Data Warga Bocor, Berikut Deretan Kasus Kebocoran Data di?ˇIndonesia https://t.co/qWrMao3EDK",negative
@hyang_wisnu @DPR_RI @BSSN_RI @jokowi @PlateJohnny semoga kedepannya tidak ada lagi kebocoran data. @PlateJohnny @kemkominfo,negative
Cak Imin Minta BSSN Serius Tangani Data Bocor: Begitu Mudah Diobok-obok Hacker: Ketum PKB Muhaimin Iskandar (Cak Imin) mendorong Badan Siber dan Sandi Negara (BSSN) lebih serius menangani masalah kebocoran data. #kumparanNews https://t.co/FoGQXh34Cy,negative
Bentuk preventif kebocoran data https://t.co/whbPt5KuvV,negative
"Khilafah akan menjadi pihak terdepan dalam menyelesaikan kebocoran data. Apalagi data rahasia negara, dengan teknologi terdepannya, Khilafah akan mampu menciptakan sistem keamanan tercanggih yang tidak mudah diretas.

#Opini

https://t.co/1wyFkbFOdG https://t.co/L19TBwH2us",negative
BSSN didorong untuk lebih serius menangani masalah kebocoran data https://t.co/ypdnl9qG2a,negative
"@hyang_wisnu @PlateJohnny @kemkominfo memang harus ada sanksi tegas seperti itu, agar tidak dianggap enteng masalah kebocoran data. @PlateJohnny @kemkominfo",negative
"dear @kemkominfo sebenernya saya mau maki maki kalian. tapi saya di sini cuma mau nunjukkin akibat kebocoran data kalian. bisa diliat ya sehari bisa ada berapa telfon. hampir setiap hari ditelfon nomor yg reportedly as spam, scam dll. https://t.co/U7zwmR9yHF",negative
"Khilafah akan menjadi pihak terdepan dalam menyelesaikan kebocoran data. Apalagi data rahasia negara, dengan teknologi terdepannya, Khilafah akan mampu menciptakan sistem keamanan tercanggih yang tidak mudah diretas.

#Opini

https://t.co/LfEKVLiOh2 https://t.co/SHb8lXkVml",negative
"@Rosyid_Alfatih @AyankLukman @ChusnulCh__ Kau bilang banyak, berapa? Banyaklah di medsoos, di berita , dll diberitakan, banyaklah???Å. Disana , disini ???Å. LBP ditanya, jawabnya Adalah,( berapa?), 800. (Ha !! 800 khan banyak). Iya tapi dari 73.000 desa??",negative
@detikcom Rkyt gak takut kehilangan dokumen penting.. tp penyalahgunaan data2 pribadi akibat kebocoran data,negative
"Banyaknya kebocoran data yang terjadi akhir akhir ini menjadi salah satu motivasi utama disahkannya UU ini #kitapunyapdp
Manfaat UU PDP https://t.co/eMWV28Zoly",negative
"@ciloqciliq Barangnya udah sampe rumau belum kacil?

Adek aku juga 2x dapet ancaman ginian, tapi sampe sekarang gak dateng itu paketnya. Yang iseng ngandelin kebocoran data keknya. Serem. :*)",negative
"Perlu #Japfriend ketahui juga, kebocoran data pribadi pun dapat meningkatkan ketidakpercayaan publik (public distrust) dan dapat berdampak pada pembangunan sektor ekonomi digital yang saat ini bertumbuh dan berkembang dengan cepat. https://t.co/9TFZWcInbC",negative
"Jangan Remehkan Kebocoran Data, Dampaknya dari Tak Bisa Kuliah Sampai Penipuan Pajak https://t.co/O6vcl25ijH https://t.co/y8oFvRzYtB",negative
@IMCMushroom Yg penting jangan sampai ada kecurangan dlm penghitungan suara..apa lagi br2 ini ada kebocoran data ktp yg dilakukan bjorka..sangat riskan jadinya?,negative
@wan_almawardi7 Sementara kebocoran data sendiri gak ada yg tanggung jawab ..,negative
Lembaga PDP Harus Galak dan Tegas Jika Ada Kebocoran Data https://t.co/TnloVok4ri,negative
Bukan BJORKA yang menyebabkan kebocoran data .. https://t.co/P2z9PEHSAc,negative
ini kenapa jadi banyak vishing tu apa gara - gara kebocoran data kah? annoying banget,negative
"@hyang_wisnu @kemkominfo Semoga tidak akan ada lagi kasus kebocoran data nantinya.
@kemkominfo @PlateJohnny",negative
@itscnv @AREAJULID Lah pikiran kyk gini yg bikin pejabat kita enteng bgt kalo ada kebocoran data,negative
"@henrysubiakto berisik banget chebby satu ini.
mana speak up mu soal kebocoran data bung? diem diem bae. giliran kemaren PSE aja dibela sampe muncrat -muncrat",negative
"@hyang_wisnu @PlateJohnny @Aryprasetyo85 @kemkominfo @miicies @Marbot_Udien @zhymme @03__nakula @DS_yantie @delArdian_ Awal yang baik dlm menyelesaikan permasalahan kebocoran data
@PlateJohnny 
@kemkominfo",negative
"Awas hati-hati !!
Pemerintah Terbitkan Payung Hukum Untuk satgas Penanganan Kebocoran Data Pribadi .
#JokowiHebat
#JokowiPresidenku
#JokowiBapakInfrastruktur
#PembangunanUntukRakyat
ACEH https://t.co/bQtR2KUffm",negative
"@CNNIndonesia Faktanya, kebocoran data ada kan? Trus data di pedulli lindungi yg hilang itu gmn? Dan klo gk ada apa2nya ngapain Presiden bentuk tim khusus?

Dan tanggung jawab pemerintah apa? Malah lempar2an tanggung jawab dan suruh masyarakat ganti passw",negative
"Akun fb lama kena rentas dan banyak bikin komentar aneh, makasih banyak kebocoran data",negative
"efek kebocoran data kayaknya udah kerasa langsung. Barusan aja ada yg nelpon, ngaku dari @BANKBRI_ID. nyebut nama saya, tau alamat pengiriman kartu &amp; tempat kerja saya. bilang bisa naikin limit kartu kredit @tokopedia card saya tapi minta disebutin data yg ada di kartu???",negative
"Harusnya diakui dulu, bener ga kalo kebocoran itu terjadi?, Datanya valid ga ? Pemerintah udah check datanya belum ? Katanya datanya data biasa saja... Dagelan bener https://t.co/kshpaC8I5N",negative
7 Alasan Penyebab Kebocoran Data Sering?ˇTerjadi! https://t.co/tEpUmVRQB5,negative
"@mohmahfudmd WOI Pk MAHFUD BOOMER, JANGAN BIKIN STATEMENT BODOH MENGENAI KEBOCORAN DATA!!!, KAU JANGAN MEMPENGARUHI ORANG DENGAN STATEMENT KEBOCORAN DATA ITU. KEBOCORAN DATA MERUPAKAN SUATU HAL YANG SANGAT BERBAHAYA BAGI DATA RAKYAT!!",negative
"semenjak kebocoran data itu, jadi sering ditelponin nomer gajelas zzz",negative
"@detikcom Lihat orang dalam nya, kebocoran data mungkin saja ada orang dalam yang terlibat , betapa lemahnya kita duh",negative
"@empatdotexe @Indostransfer @pt_lib gak vote juga ga rugi, hadiah juga belum tentu dapet, rejeki gak akan kemana, yang ada malah kemungkinan kebocoran data",negative
"@asumsico yg seharusnya juga diminta mempertanggungjawabkan kebocoran data itu, k/l atau badan yg datanya bocor. gimana sih LBH Digitek.
ada yg mudah malah nyari yg susah dulu.",negative
@VIVAcoid Presiden bertanggung jawab pada rakyat. Jadi kemarin kebocoran data tanggung jawab presiden. Tapi sekalinya bilang salah Jokowi dibilang kdrone sama ebonk.,negative
kebocoran data yg lain ga mau nih? https://t.co/l3kLsHy6GS,negative
"Pemimpin yg kehilangan akalnya ketika menteri2nya sdah jalan sendiri2, baru sadar ketika bjorka membuka kebocoran pejabat2 negara. Kali ini kebocoran data itu valid hingga ketakutan melanda istana. Solusi hanya satu turunkn BBM agar damai negeriku https://t.co/gs5Ig9I1kr",negative
"@JmJovial @detikcom Alah lu mah pling juga baru taunya pas kasus ini viral doang, emang lu tau data NIK sama no. Telpon pak menkominfo dari kapan? Dia kontakan ama lu gitu? Yang lama itu cuma kasus kebocoran data massal aja saty",negative
"penyebar kebocoran data

bjorka Éù?
tukang ciken É?? https://t.co/x6u4zf3rXi",negative
"Ancaman Serius Kebocoran Data di Indonesia
 https://t.co/IF8IdWrqU3 via @hariankompas",negative
"denial claim tipikal orang udah ketauan selengki tuh bisa dibaca gasi polanya? jadi males ngurusin. mending ngurusin BBM naik, inflasi, bubble tech, potensi resesi, &amp; kebocoran data pribadi yang mungkin data pribadi gua udah dijual tapi gue ga kebagian apa-apa.",negative
Ngga ntn attorney woo sampe habis sih. Jdi ga tau yg harus tanggung jawab sama kebocoran data ya lembaga/perusahaan yg pegang data. https://t.co/rqR2RH6prO,negative
"semoga aja bukan peretasbaik lagi yg jadi sasaran nya..

kalo gak salah omongan nya kemarin perusahaan yg gagal melindungi data customer / yg mengalamin kebocoran data, bakal kena denda.

trus yg doxing kena denda. tapi lom baca mana bagian pasal buat perusahaan https://t.co/sb3ZIopwCT",negative
"@R_sei_ Thisssss. Anggeplah berhadapan sama dispenduk dan kebocoran data KTP. Kalo ada kebocoran gini nuntutnya alot juga, kita gabisa request digapus sebagai WNI wkwkwkwk.",negative
"https://t.co/pp7WShkUCu

Isi UU Perlindungan Data Pribadi: Larangan, Sanksi dan Jenis Data

udh kena hacker baru keluarkan UU , padahal kebocoran data pendududk sdh  terjadi di th 2021 ...salah satu institusi negara main sebar data penduduk ntah kemana ??? 

????É?çÉ??ã?è????É?çÉ??ã?è????É?çÉ??ã?è????É?çÉ??ã?è",negative
"Jadi inget epsido di pengacara woo ????
Sampe mau bangkrut si perusahaan karena tuntutan pengadilan. Di sini malah yang mau diadili si hacker ????
Harusnya masyarakat kita bisa nyewa jasa pengacara buat nuntut pemerintah ganti kerugian kebocoran data kayak di drakor tadi ???? https://t.co/OCZg2QEHQe",negative
"@ismailfahmi Kalau inget bjorka inget kasus woo young woo soal kebocoran data, masalahnya ini pemerintahnya yang kecolongan masa denda diri sendiri ????",negative
Pekan ini warga di Australia sedang khawatir dengan kebocoran data yang diretas dari salah satu perusahaan penyedia layanan telekomunikasi terbesar #Peretas,neutral
"@mouldie_sep @zuuliaa kmren ada yg call jg dan kagetnya dia ud tahu alamat dan bberapa data diri nama lengkap dll trs ancem mau kirim tagian cc ke alamat rmh kalo gak mau ikutin yang dia mau, inikah efek kebocoran data ?",neutral
"Fenomena kebocoran data munculnya sosok ""Bjorka"" netizen bertanya siapa sosok yang berhasil membobol data pribadi para pejabat di Negeri ini.
https://t.co/WhN1aSxeW9",neutral
"Hacker Bjorka Kembali Berulah, Sebarkan Data Pribadi yang Diklaim Milik Kepala BSSN.

#hackerbjorka #Bjorka #kebocorandata #BSSN 

Selengkapnya&gt; https://t.co/QlYviWwGth https://t.co/eoqmoPtoHK",neutral
"Direktur LAIP Kemkominfo,Bambang Dwi Anggono :

É??Dengan teknologi,ASN sendiri bisa mengelola,tidak lagi tergantung pada orang lain.Jika terjadi kebocoran, segera bisa menangani masalahnya karena memang data itu tidak ternilai harganya,É?ù

@PlateJohnny 

https://t.co/ekO3H3sIKm",neutral
Hukuman Berat Kebocoran Data Pribadi di Australia https://t.co/YL2vR3wIif,neutral
"@kemkominfo lebih gacor ngurusin konten r18 dengan menyuruh Twitter meregion lock akun-akun artist nsfw ketimbang ngurusin kebocoran data.

#BlokirKominfo",neutral
"Dengan teknologi ini, harapannya ASN sendiri bisa mengelola (aplikasi layanan publik), tidak lagi tergantung pada orang lain.?ˇJika terjadi kebocoran, segera dapat mengatasi masalahnya krn memang data itu tdk bernilai harganya.
@kemkominfo
@PlateJohnny
https://t.co/iFyUbnHAy6",neutral
@TariRahayu07 Dengan di Sahkan PDP Maslah Terkait Kebocoran Data Bisa Menghilang,neutral
"Segi tata kelola data , 
Juga jadi sorotan utama dlm 
Pengejawantahan UU PDP 
Tidak hanya perlindungan dari kebocoran dan semacam nya

@PlateJohnny 
@kemkominfo 

https://t.co/gQzBFkPDUH",neutral
"Anggota Komisi XI DPR RI, Puteri Anetta Komarudin meminta agar pihak perbankan harus memperkuat perlindungan data nasabah. Hal tersebut karena persoalan kebocoran data kian marak terjadi di Indonesia.

#UUPDP https://t.co/J6c5PbwinN",neutral
"Kasus Kebocoran Data Masif, Perbankan Diminta Perkuat Perlindungan Informasi Nasabah https://t.co/8he7lEQQcF",neutral
"Semoga dengan adanya aturan UU PDP data pribadi lebih aman lagi dan tidak ada lagi kebocoran data pribadi 
#poinpentingpdp Aturan UU PDP https://t.co/aFwSysKCZ1",neutral
"@icharis https://t.co/WHLvYpWppE

Diantaranya Potensi KEBOCORAN Jutaan Data Guru, Dosen dan Siswa oleh pihak ketiga?",neutral
Kecekatan Puan Maharani yang bersama-sama pemerintah merealisasikan UU PDP dinilai menghadirkan rasa aman bagi warga Indonesia di tengah maraknya kasus-kasus kebocoran data. https://t.co/Y0gGtla9wh,neutral
Kecekatan Puan Maharani yang bersama-sama pemerintah merealisasikan UU PDP dinilai menghadirkan rasa aman bagi warga Indonesia di tengah maraknya kasus-kasus kebocoran data. https://t.co/4ocTYsMWPX,neutral
Kecekatan Puan Maharani yang bersama-sama pemerintah merealisasikan UU PDP dinilai menghadirkan rasa aman bagi warga Indonesia di tengah maraknya kasus-kasus kebocoran data. https://t.co/44pJMHmTqI,neutral
Kecekatan Puan Maharani yang bersama-sama pemerintah merealisasikan UU PDP dinilai menghadirkan rasa aman bagi warga Indonesia di tengah maraknya kasus-kasus kebocoran data. https://t.co/WtlGzpqLyv,neutral
Cek Artikel kami dengan Judul : Mekanisme Sistem Islam Atasi Kebocoran Data Publik https://t.co/mf8OlGedc9 . Semoga Allah memberikan keberkahan untuk kita semua. https://t.co/kTF0DN2OjN,neutral
"jd selama ini memang sbnrya tdk pnh ada kebocoran data. dan kemarin sempet ngalihin isu soal sambo dan kenaikan BBM, trimkasih bjorka dan tim. ???è??è¨ https://t.co/2919UVTpPo",neutral
"Sudah melakukan pelanggaran berupa kebocoran data, menggunakan terminologi yang tidak etis dan tidak sejalan dengan kultur kita. Nah itu tidak baik @kemkominfo @PlateJohnny https://t.co/jbxOp86hVK",neutral
"Kebocoran Kian Marak, Putkom: Perbankan Harus Perkuat Perlindungan Data Nasabah via @kedaipenacom
 https://t.co/sWhmSiKbHC",neutral
"untuk revolusi transformasi digital, dalam usaha merangkul teknologi terkini, isu keselamatan siber dan data menjadi keutamaan, di samping itu isu kesihatan mental individu dalam menghadapi isu kebocoran serta penyebaran maklumat dan data peribadi...",neutral
"Bertahun - tahun menjadi nasabah &amp; menggunakan layanan sms banking tidak pernah mendapat pesan hoax seperti ini. Tapi baru beberapa hari menggunakan BRImo langsung dapat pesan seperti ini, kemungkinan ada kebocoran data dari BRImo. Tulung nggih masseh @kontakBRI @BANKBRI_ID https://t.co/rFzkiMF2ck",neutral
"berkesempatan belajar di pusat pengembangan SDM @BSSN_RI, pengajarnya kompeten dan update, termasuk isu Bjorka. masalah kebocoran data bukan cuma teknis, tapi juga tata kelola yang tidak standar. semoga perbaikan tata kelola bisa dimulai dari unit kerja sendiri d @Diskominfo_SMR https://t.co/Asz5hK5FN4",neutral
"Polri memastikan bahwa informasi yang menyatakan bocornya 26 juta data personel kepolisian yang disebarkan oleh seorang pengguna pada situs gelap adalah informasi palsu atau hoaks.

Biarpun begitu Polri memastikan akan tetap mendalami terkait kabar dugaan kebocoran data anggota https://t.co/UIXrh8tUl0",neutral
"akhir-akhir ini banyak kasus terkait kebocoran data pribadi yang tak sedikit menimbulkan kerugian. Akhirnya negara mengeluarkan UU Perlindungan Data Pribadi pada 20 September 2022

 #kitapunyapdp
Manfaat UU PDP https://t.co/70wqTavV1P",neutral
"ESSAY INFOGRAFIS

Membocorkan Tanggung Jawab Penanggulangan dan Penindakan Pelaku Kebocoran Data #KebocoranData #Hackers #PelakuKejahatanCyber

Writer: Rania Fitri (Content Creator @advkonstitusi)
Designer: Zainul Muttaqin (Content Creator @advkonstitusi)

https://t.co/UZkrzhAXTL",neutral
"Polri memastikan bahwa informasi yang menyatakan bocornya 26 juta data personel kepolisian yang disebarkan oleh seorang pengguna pada situs gelap adalah informasi palsu atau hoaks.

Biarpun begitu Polri memastikan akan tetap mendalami terkait kabar dugaan kebocoran data anggota https://t.co/F7NdRtoL4v",neutral
"Halo #semetonkom
Minfo ada info nih untuk kalian dalam mencegah terjadinya kebocoran data pribadi. Kementerian Kominfo RI mengimbau masyarakat untuk tetep menjaga kerahasiaan One Time Password (OTP) yang terdapat di platform digital manapun. 

Yukkkk cek postingan minfo ya???? https://t.co/zf6Dx0MHnH",neutral
"Kita boleh aktif bermedsos, tp tetap hrs berbagi waktu dg kerja, usaha &amp; aktivitas lain. Saya sejak pagi tadi sdh nulis &amp; baca, saatnya skrg Webinar bersama Dave Akbarsyah F. Laksono, anggota DPR RI dari dapil Cirebon &amp; Indramayu. Bahas tentang kebocoran data pribadi dan UU PDP. https://t.co/9ZWfbebqpI",neutral
"@yusufgunawan @mdewiastari @ipoksamidub @mikedianasasi Lho ya....yg menghimpun data SWASTA....ya jangan kaget kalau nanti ada kebocoran data.
Lha pihak OPD wes lepas tangan ????",neutral
"Kebocoran data warga juga terjadi di Australia. Dalam sepekan terakhir, peretasan terhadap perusahaan telekomunikasi dan seluler Optus jadi sorotan. 
https://t.co/tMto4AuQ68",neutral
"Jika terjadi kebocoran data, sanksi administratif seolah-olah tidak berlaku. https://t.co/3pQUNmK8PB",neutral
"@tvOneNews Data ada kebocoran, pengawalan ada kelolosan, perlu ditambah hingga 400 kekuatan",neutral
Pekan ini warga di Australia sedang khawatir dengan kebocoran data yang diretas dari salah satu perusahaan penyedia layanan telekomunikasi terbesar #Peretas https://t.co/jVLPxUlCMu,neutral
"@18fesss Pegang dulu uangnya nder, waktu itu ada sempet kebocoran data rekening, eh bulannya ditagih pinjol 2 kalilipat yg diterima",neutral
"""Presiden @jokowi Instruksikan Jajarannya Tindak Lanjuti Dugaan Kebocoran Data Pemerintah"" https://t.co/kYj2MY8FFf",neutral
Klarifikasi dari SMK Negeri 1 Kota Sukabumi terkait kebocoran data 4 ribu siswa https://t.co/LJBNJLkT7I,neutral
"Yuk gabung dalam Live Twitter Spaces kami bersama pakar keamanan siber sekaligus Ketua @CISSReC Pratama Persadha, Jumat (30/09). Hal-hal seputar keamanan internet sampai potensi kebocoran data akan dibahas dalam episode kali ini.
Sampai jumpa! ????
https://t.co/sL5SojTKh3",neutral
"Karena masih terjadinya kebocoran data milik masyarakat. Ke depan, pemerintah bakal menjalankan lima langkah penguatan strategis di semua lini.
https://t.co/c3fwfef8Px",neutral
Kepala BIN Ogah Bicara soal Bjorka dan Kebocoran Data Internal https://t.co/dl3BtGN1QX,neutral
"Presiden @jokowi Instruksikan Jajarannya Tindak Lanjuti Dugaan Kebocoran Data Pemerintah

https://t.co/vhjLBaZLR4 https://t.co/fNJ2zkizEf",neutral
"Presiden @jokowi Instruksikan Jajarannya Tindak Lanjuti Dugaan Kebocoran Data Pemerintah

https://t.co/JiCgAk5kxU https://t.co/5CKMPRTr1X",neutral
"Yang bocor kadang bikin kita terganggu dan baiknya cegah sekarang sebelum terlambat. ??Æú

Termasuk kebocoran data pribadi kita nih sahabat, selalu berhati-hati setiap modus yang mengakibatkan pembocoran data kita ya sahabat????

#bankbjb #bjbKehatihatian #tandamatauntuknegeri https://t.co/lQ6s8VXnC8",neutral
Ini bisa dibandingkan dengan tanggapan kebocoran data pelanggan Indihom https://t.co/bFZjVSsxO8,neutral
"Pekan ini warga di Australia sedang khawatir dengan kebocoran data yang diretas dari salah satu perusahaan penyedia layanan telekomunikasi terbesar. Inilah yang kita ketahui sejauh ini.
https://t.co/tMto4AuQ68",neutral
produk legilasi uu pdp #kemenkominfo #kebocorandata #kominfo #UUPDP https://t.co/NWLX74rIDG,neutral
"Kebocoran data besar-besaran terjadi pada perusahaan telekomunikasi Australia, Optus. #TempoDunia https://t.co/tdHs3WaEmS",neutral
"@worksfess KTPnya dikasih watermark nama perusnya nder, misal ada kebocoran data berupa gambar, kita jd tau bocornya dari mana",neutral
"Pengesahan Undang-Undang Perlindungan Data Pribadi harus diimbangi dengan implementasi penguatan keamanan siber agar kebocoran data pribadi dapat diminimalisir. #Riset  #AdadiKompas 
https://t.co/8ha8JPbXi2",neutral
"Pengesahan Undang-Undang Perlindungan Data Pribadi harus diimbangi dengan implementasi penguatan keamanan siber agar kebocoran data pribadi dapat diminimalisir. #Riset #AdadiKompas

https://t.co/JoDjFmfDIp",neutral
"Kasus kebocoran data pada tahun ini membuat resah publik karena hampir rutin terjadi setiap bulan. Yang terakhir, sebanyak 1, 3 miliar data registrasi kartu SIM bocor di dunia maya. https://t.co/1Trn3RkdSG",neutral
"Anggaran belanja @BSSN_RI yang mencapai Rp 624 miliar di tahun depan , moga-moga dibayar tunai dengan pengawasan super ketat agar tak ada lagi kebocoran data publik. 

@DPR_RI 
@kemkominfo 
 @PlateJohnny
https://t.co/JuRePQJ0vW",neutral
"Meski disinggung dalam rapat kerja dengan Komisi I DPR, tapi BIN malah menjawabnya secara garis besarnya, bukan inti masalahnya.

BIN juga diam soal dugaan kebocoran data yang dialami oleh badan intelijen itu sendiri.

Selengkapnya~

https://t.co/hIW3fGzs51 https://t.co/CcFDVTBPIu",neutral
https://t.co/8PikPc5EZo Kepala BIN Ogah Bicara soal Bjorka dan Kebocoran Data Internal - detikNews https://t.co/vctjIl0ALb https://t.co/jh3LKF9MTT,neutral
Ketua DPR RI Puan Maharani ingatkan agar Satgas Perlindungan Data yg dibuat pemerintah dapat menyelesaikan masalah kebocoran data &amp; kejahatan siber secara menyeluruh. https://t.co/zZ2rEK5OGA Puan Harapan Rakyat,neutral
Kepala BIN Ogah Bicara soal Bjorka dan Kebocoran Data Internal https://t.co/dycgBnd5Z8,neutral
"Sahkan UU PDP, kinerja DPR di bawah kepemimpinan Puan Maharani diapresiasi dan dinilai menghadirkan rasa aman bagi warga Indonesia di tengah maraknya kasus-kasus kebocoran data. https://t.co/3gEuOaBGt2 Puan Harapan Rakyat",neutral
"Setiap harinya. Secara sadar atau pun tidak khalayak seakan tidak punya lini privasi yg tertutup dengan istilah ""lebih cepat"" atau ""praktis"". Hal itu terbukti dari beberapa berita yg mempublish berita perihal kebocoran data. Lalu beberapa pekan kemarin geger perihal bjorka yg",neutral
"Koran Online: Polri Tanggapi Soal Dugaan Kebocoran 26 Juta Data, Data Usang https://t.co/JbDnRJqe3J",neutral
Kepala BIN Budi Gunawan ogah bicara soal aksi hacker Bjorka dan kebocoran data di kalangan internal yang terjadi belakangan. https://t.co/rUhlZ68u76,neutral
"Kepala BIN Irit Bicara Soal Pembahasan Rapat dengan Komisi I DPR, Legislator: Singgung Isu Kebocoran Data dan Bjorka https://t.co/yfGYpYHN2X",neutral
Kepala BIN Ogah Bicara soal Bjorka dan Kebocoran Data?ˇInternal https://t.co/B4WbCXyEyW,neutral
"... DARI MANA ? ya dari kebocoran data! Terus gini ya para pejabat yang ga ngerti! UU PDP memang mengatur tanggung jawab pengolahan data dll, TAPI ISO 27001 ITUENGATUR SISTEM SEKURITY PARA PEMILIK DAN PENGELOLA DATA DALAM ORGANISASI/PERUSAHAAN! Dan itu DETIL!",neutral
Kepala BIN Budi Gunawan ogah bicara soal aksi hacker Bjorka dan kebocoran data di internal yang terjadi belakangan. https://t.co/pX4r0eSDwP,neutral
Puan Maharani menanggapi dugaan serangan hacker yang disebut membobol data Presiden Joko Widodo. Puan menegaskan bahwa kebocoran data atau informasi milik kementerian/lembaga maupun sejumlah tokoh harus segera ditindaklanjuti pemerintah https://t.co/KbyEwP8alI Puan Harapan Rakyat,neutral
Puan Maharani menanggapi dugaan serangan hacker yang disebut membobol data Presiden Joko Widodo. Puan menegaskan bahwa kebocoran data atau informasi milik kementerian/lbaga maupun sejumlah tokoh harus segera ditindaklanjuti pemerintah. https://t.co/mxQXcRWod0 Puan Harapan Rakyat,neutral
"Puan Maharani meminta Pemerintah segera bertindak mengatasi kebocoran data milik kementerian/lembaga maupun sejumlah tokoh, menanggapi banyaknya kebocoran data oleh peretas belakangan ini. https://t.co/UWeXEq7zHK Puan Harapan Rakyat",neutral
"Ketua DPR RI, Puan Maharani ingin kasus kebocoran data ditangani secara menyeluruh dan sampai ke akar-akarnya. https://t.co/mXbjwLFkyV Puan Harapan Rakyat",neutral
Ketua DPR RI Puan Maharani ingatkan agar Satgas Perlindungan Data yg dibuat pemerintah dapat menyelesaikan masalah kebocoran data &amp; kejahatan siber secara menyeluruh. https://t.co/AXABGOGhTr Puan Harapan Rakyat,neutral
"É??Kita tidak bisa hanya fokus pada data-data milik negara saja, tapi mengabaikan kebocoran data pribadi rakyat,É?ù É?? Puan Maharani https://t.co/PnrBDpWwqL Puan Harapan Rakyat",neutral
"Puan Maharani berharap Satgas Perlindungan Data yang dibentuk jokowi bisa menyelesaikan persoalan kebocoran data dan kejahatan siber secara menyeluruh, termasuk aksi hacker Bjorka. https://t.co/N0ZEqCvVps Puan Harapan Rakyat",neutral
Puan Maharani mengingatkan agar Satuan Tugas Perlindungan Data yang dibuat pemerintah dapat menyelesaikan masalah kebocoran data dan kejahatan siber secara menyeluruh. https://t.co/Uz0TmbNOBY Puan Harapan Rakyat,neutral
"Sahkan UU PDP, kinerja DPR di bawah kepemimpinan Puan Maharani diapresiasi dan dinilai menghadirkan rasa aman bagi warga Indonesia di tengah maraknya kasus-kasus kebocoran data. https://t.co/AJHfT8Qoyf Puan Harapan Rakyat",neutral
Puan Maharani meminta pemerintah audit keamanan siber terkait kebocoran data. https://t.co/2f2fbhQFo2 Puan Harapan Rakyat,neutral
KaBIN Budi Gunawan Jelaskan soal Bjorka hingga Keamanan Siber Pemilu 2024 di DPR: Anggota Komisi I Fraksi Golkar Nurul Arifin menyebut BIN belum spesifik membahas penanganan Bjorka dan kebocoran data BIN dalam RDP sore ini. #kumparanNEWS https://t.co/bcsxzPC0rS,neutral
Budi Gunawan Jelaskan soal Bjorka hingga Keamanan Siber Pemilu 2024 di DPR: Anggota Komisi I Fraksi Golkar Nurul Arifin menyebut BIN belum spesifik membahas penanganan Bjorka dan kebocoran data BIN dalam RDP sore ini. #kumparanNEWS https://t.co/0T8NaPeY5P,neutral
Pakar Digital Forensik UII Sebut Kebocoran Data jadi Pintu Masuk Aktivitas Ilegal Kejahatan Siber https://t.co/HwshzHlECk,neutral
@remotivi apa yg diharapkan dari mentri yg akibat kebocoran data pribadinya solusinya bikin SIM Amerika,neutral
"UU Perlindungan Data Pribadi disahkan, tapi pengamat sebut implementasinya berpotensi jadi 'macan kertas': Risiko kebocoran data disebut masih akan tetap terjadi meskipun DPR telah mengesahkan Undang-Undang Perlindungan Data Pribadi. Ini karenaÉ?? https://t.co/x4UcyhrzVz",neutral
Lol dapet duit 2jt @ShopeeID ~ punten ngetag biar aware... dr nomor +1 lagi via WA ckck. Apakah ini akibat kebocoran data no hp https://t.co/77n03j7M3d,neutral
@gldbrchan Hi Kak. Mohon maaf ketidaknyamanannya???è??èØ Shopee memastikan keamanan data sehingga tidak ada kebocoran data penggunanya. Mimin himbau agar jangan bagikan kode OTP dan data pribadi lainnya ke pihak lain karena dapat disalahgunakan *1,neutral
"MALING - RIBUT-RIBUT KEBOCORAN DATA OLEH BJORKA, BOSSMAN MALAH UNGKAP FA... https://t.co/YiuxGCoT4J lewat @YouTube",neutral
"#SobatHI, sudah tau kan isu munculnya Bjorka dan kebocoran data?

Isu keamanan data di Indonesia menjadi perhatian publik setelah sejumlah data di lembaga pemerintahan diduga bocor dan dijual secara online.

Nah, kalau #SobatHI gimana menanggapi fenomena ini?

#Bjorka
#HIUII https://t.co/9Qr0ku7dvv",neutral
"Kolaborasi Kominfo dan Lintas K/L Bentuk Tim Tanggap Darurat Data Kebocoran
@kemkominfo @PlateJohnny https://t.co/VOozAFY0gS",neutral
"Soal Kebocoran Data, Pakar Keamanan Siber: Selain Kominfo, Kemendagri Juga Ikut Bertanggung Jawab 

@kemkominfo @PlateJohnny https://t.co/z2SUCgmIss",neutral
"Meski telah diatur aturan sanksi pidana dan denda, apakah implementasi Undang-Undang ini akan menjadi payung hukum yang efektif bagi isu kebocoran data? https://t.co/ns6OyEyJew https://t.co/wRFmmwhZwK",neutral
"Kebocoran data lagi...?!! 36 juta daftar STNK di #Indonesia tahun 2000É??2021 memuat nama lengkap pemilik kendaraan, alamat, jenis kendaraan,  hingga pelat nomor. #Nalar !!
https://t.co/aQzKSeLSCr",neutral
"PM Australia, Antony Albanese akan meminda dan mengukuhkan undang undang privasi

Ini susulan serangan siber baru baru ini ke atas syarikat telekomunikasi kedua terbesar di Australia, Optus yang menyebabkan kebocoran data peribadi ramai rakyat Australia",neutral
"Apabila terjadi insiden data pribadi atau kebocoran data pribadi (breach), maka pemyelenggara data pribadi mendapat sanksi administratif maupun sanksi pidana, kurungan, dan denda. https://t.co/bNhCbub0DU",neutral
"Hacker Indonesia Komentari Soal Kebocoran Data yang Dilakukan Bjorka
https://t.co/np89UN33zG",neutral
"Saksikan EWTT #10 dengan topik ""Kebocoran Data, Tindakan Hacker/Kriminal? Bagaimana Kita Mengantisipasinya?É?ù Rabu, 28 September 2022 Pukul 15.00 WIB. 
Registrasi sekarang juga!!
Melalui ID Zoom Webinar 865 4803 8946 atau melalui link berikut https://t.co/fVZRd5PmGC https://t.co/l858Ai2BjL",neutral
"Jujur ku sendiri males bgt sih kalo gerai cuma kasih opsi cahsless.
Karna sebenernya ku masih belum sepercaya itu dgn ewallet. Biasanya isi secukupnya sesuai kebutuhan. Kalo mau beli sesuatu baru pindahin dana dari rekening. Karna bisa aja kan kena hack, kebocoran data, dll. https://t.co/c9NSFUDUny",neutral
Hacker Indonesia Komentari Soal Kebocoran Data yang Dilakukan Bjorka https://t.co/FHlWvh3zQH,neutral
"UU Perlindungan Data Pribadi sudah disahkan.. setelah banyak drama kebocoran data dan bjorka, harapannya bahwa UU ini dapat menjaga privasi data dari setiap insan. Pemerintah harus mampu menjaga data setiap warga negara. #Indonesia #kominfo #dprri https://t.co/mou24813Rh",neutral
"#MostPopuler Data Registrasi Kendaraan Diduga Bocor, Jumlahnya Tak Sebanyak Kebocoran Data Pribadi https://t.co/XguJmiaoVz",neutral
"Data Registrasi Kendaraan Diduga Bocor, Jumlahnya Tak Sebanyak Kebocoran Data Pribadi https://t.co/bPskuGx3zi",neutral
"Hacker Indonesia Komentari Soal Kebocoran Data yang Dilakukan Bjorka
https://t.co/Cp6waXHYyx",neutral
Hacker Indonesia Komentari Soal Kebocoran Data yang Dilakukan Bjorka https://t.co/DLYMBz6nSo https://t.co/KgFbotbZik,neutral
Menggugat pertanggung jawaban operator seluler utk kerugian dan kerusakan jaringan yg diambil alih serta kebocoran data pelanggannya ini jauuuuuuh lebih menarik daripada perkara Es Teh.,neutral
"Polri Tanggapi Soal Dugaan Kebocoran 26 Juta Data, Data Usang https://t.co/G98QlxRwDa",neutral
VIDEO: UU PDP Senjata Pamungkas Lawan Kebocoran Data? https://t.co/hPsTqHpElb https://t.co/ZFQKJ0gvGE,neutral
perlindungan data masyarakat #Kemenkominfo #kominfo #kebocorandata https://t.co/SUaJueJSDt,neutral
UU perlindungan data #Kemenkominfo #kominfo #kebocorandata https://t.co/AEBwKPFtxn,neutral
"Akhirnya Undang-Undang Perlindungan Data Pribadi (UU PDP) resmi disahkan. Pengesahan ini bertepatan dengan kian banyaknya kasus kebocoran data pribadi penduduk. Dalam UU ini, kita sebagai subjek berhak atas jaminan keamanan data pribadi kita sendiri. #poinpentingpdp
Aturan UU PDP https://t.co/BpE2zReSgp",neutral
#poinpentingpdp adalah kita dapat menuntut akan segala kebocoran data dan mendapatkan hak kita sebagai subject data. Aturan UU PDP dapat melindungi kita serta data agar tidak disalahkan gunakan oleh orang orang tidak bertanggung jawab.,neutral
"Sahkan UU PDP, kinerja DPR di bawah kepemimpinan Puan Maharani diapresiasi dan dinilai menghadirkan rasa aman bagi warga Indonesia di tengah maraknya kasus-kasus kebocoran data. https://t.co/pntTZjLfRB",neutral
Puan Maharani meminta pemerintah audit keamanan siber terkait kebocoran data. https://t.co/nig6tJi66Y,neutral
"@KHFAJARR Pas gagal atau ada kebocoran lagi, ""lindungi data masing2, sering2 ganti password, aktifkan otentikasi ganda""
Halah",neutral
"Beredar isu terjadi kebocoran data 26 juta anggota Polri.
Polisi memastikan data yang bocor merupakan data usang.

Paling Kadrun yg demen bikin konten Hoax. https://t.co/q5xm9FJo7H",neutral
Zulkifli Nasution's blog: ISO 27001 sebagai Antisipasi Kebocoran Data Perusa... https://t.co/t2RycFvR9y,neutral
@Telkomsel Mana coba liat t&amp;c nya jadi pelanggan telkomsel. Saya mau baca. Ntar jangan2 malah ada segala resiko termasuk kebocoran data jadi tanggung jawab pengguna lagi wkwk.,neutral
"Polisi Sangkal Bjorka dalam Dugaan Kebocoran 26 Juta Data
https://t.co/eiWOcrgK43",neutral
"É?õData breach adalah serangan yang sengaja dilakukan untuk membobol sistem sehingga data sensitif dapat diakses.
É?õData leakage tidak memerlukan serangan cyber khusus karena pada umumnya kebocoran data dapat terjadi karena data security yang buruk  #networking #it #cat https://t.co/ZgBobiNjoX",neutral
Menkominfo sebelumnya telah memastikan bahwa pihaknya tetap berkoordinasi dengan lintas kementerian dan lembaga berkaitan insiden-insiden kebocoran data @kemkominfo @PlateJohnny https://t.co/JU5zeIw7Vv,neutral
Polda Metro Bantah Terjadi Kebocoran Data Ditreskrimsus https://t.co/ty5l3v7AdA https://t.co/XBUF2MR15J,neutral
"Follow akun media sosial PDP sekarang untuk dapatkan info update dari kami: 

Instagram &amp; Twitter: @japri_indonesia 

Facebook &amp; Youtube: Japri Indonesia Tiktok : https://t.co/UfeL7sQmmR 

#KebocoranData #PelindunganDataPribadi #PDP #PerlindunganDataPribadi #UUPDP",neutral
Kebocoran data pribadi yang tersebar di dunia maya dapat memicu manipulasi pemilu. Seperti apa potensinya? https://t.co/rMzAyzztTa #Analisis #CNNIndonesia https://t.co/JligT7iBuf,neutral
"Up
Video lama, seharusnya negara gerak cepat menanggapi perkataan beliau saat menjabat wakil ketua BSSN. Nyatanya... skrng malah diganti sama org yg ga ngerti apa2. Kebocoran Data bisa trjd????
INDONESIA HRUS BERDAULAT DLM CYBER https://t.co/5rKOgXpjc2",neutral
"Salah satu contoh kebocoran data yang nyata, gak punya rekening BRI tapi dapat hadiah undian. Mantap kan pemirsa NKRI harga mati matian? https://t.co/RdXKMyqdlc",neutral
Polri Pastikan Tak Ada Kebocoran Data Anggota https://t.co/PsbTU7EeAn via @cakranews_id,neutral
Polri Pastikan Tak Ada Kebocoran Data?ˇAnggota https://t.co/9aaiSN0qP3,neutral
Isu kebocoran data https://t.co/reffyGlIo9,neutral
Isu kebocoran data https://t.co/ET5Ksggvi0,neutral
Isu kebocoran data https://t.co/Ylac3ratwa,neutral
Isu kebocoran data https://t.co/iooZ2GzgBi,neutral
Isu kebocoran data https://t.co/Xwb3BwwvHv,neutral
"HOAKS Tentang Kebocoran Data Pribadi 26 Juta Anggota Polisi
#HimpunID https://t.co/Fa6WsYcJIp",neutral
"Polri DIterpa Skandal Isu Hoaks Kebocoran Data, Mabes Polri Pastikan Data Pribadi 26 Juta Anggotanya Aman https://t.co/TaKU99LYh5",neutral
Kominfo Buka Suara Soal Kebocoran Data Pelanggan Indihome https://t.co/GG63wZv3rE,neutral
@Telkomsel Aturan yang dari awal sudah rentan akan kebocoran data serta tidak berguna untuk mengatasi sms spam yang tidak jelas.,neutral
"Kepolisian RI dilanda isu kebocoran data. Kali ini beredar Isu 23 juta data anggota Kepolisian bocor dan dijual di forum hacker.

#polisiRI #kebocorandata #dijual #forum #hacker #bjorka #kriminal 

https://t.co/GaNv1QqVzV",neutral
"@Stakof Hoax, tapi apakah ini ada hubungannya dg kebocoran data pengguna seluler?? Selain WA spt ini, sy juga dpt byk chat yg mengatasnamakan Panti Asuhan dan lembaga sosial lainnya. Hadeuh",neutral
untuk tidak terprovokasi #Kemenkominfo #kominfo #kebocorandata https://t.co/0sFPKneftN,neutral
tanggung jawab bersama #Kemenkominfo #kominfo #kebocorandata https://t.co/RP3uknuEB7,neutral
Polda Metro Jaya Bantah Ada Kebocoran Data Ditreskrimsus - https://t.co/dxCafjCiEY https://t.co/43ikPcoGZi,neutral
"MALING - RIBUT-RIBUT KEBOCORAN DATA OLEH BJORKA, BOSSMAN MALAH UNGKAP FA... https://t.co/myu2vGuBcW",neutral
kebocoran data yang diduga dilakukan hacker Bjorka dibahas sekaligus membahas rencana strategi keamanan @kemkominfo https://t.co/jju9rdS3Qi,neutral
Kebocoran data sedang marak terjadi di Indonesia tak terkecuali menimpa Lembaga Negara. Diperlukan pemahaman yang baik terkait mitigasi risiko &amp; management sistem yg baik.  Mitigasi apa saja yg dapat dilakukan? Apakah ini tindakan yang tidak dapat dihindari? Mari kita saksikan! https://t.co/52PdnNCiKU,neutral
Cara Cek Kebocoran Data dengan Cepat dan Mudah https://t.co/1PSHX3nNbP https://t.co/IZjZqzj8gC,positive
"@hyang_wisnu @DPR_RI @BSSN_RI @jokowi @PlateJohnny Semoga nanti tidak akan ada lagi kasus kebocoran data.
@kemkominfo @PlateJohnny",positive
@MbakPuan2024 Semoga UU ini bisa mengurangi dan mengatasi kebocoran data yang terjadi di Indonesia,positive
"Tips Mengamankan Perangkat dari Kebocoran Data
É?õJangan pernah membagikan kode verifikasi 
É?õAktifkan otentikasi dua faktor 
É?õJangan terjerumus pada phishing
É?õPerbarui perangkat Anda tepat waktu 
É?õInstal aplikasi dari sumber tepercaya.

#adtech #it #tech #data https://t.co/FW4IhXLiwo",positive
@_soffgirll Sebenarnya circle ada untuk membagi apapun postnya yang mana layak tayang untuk murid - murid online mana yang cocok untuk temen yang beneran kenal jadi gak lg ada yg namanya kebocoran data karena kenal in RL,positive
@hyang_wisnu @PlateJohnny @kemkominfo @jokowi @miicies @Aryprasetyo85 @03__nakula @DS_yantie @delArdian_ @farrel27 @D_N4bil5 @kemkominfo @PlateJohnny bangga dan bersyukur semoga dengan adanya UU ini akan menghindari dari maraknya kebocoran data.,positive
UU PDP Adalah Lompatan Besar untuk memberikan rasa aman kepada masyarakat dari ancaman kebocoran data https://t.co/oZaPGX35cE,positive
UU PDP Adalah Lompatan Besar untuk memberikan rasa aman kepada masyarakat dari ancaman kebocoran data https://t.co/MyxB1EsJf8,positive
"ditengah kegelisahan masyarakat mengenai kebocoran data, untung aja ada #poinpentingpdp
Aturan UU PDP",positive
"RUU Pelindungan Data Pribadi udh di resmiin sama dpr. Semoga ga ada lg deh tuh kebocoran data

#poinpentingpdp
Aturan UU PDP https://t.co/KtMlGsQIQq",positive
"Semoga Aturan UU PDP memberikan kepastian hukum untuk melindungi data pribadi pengguna dan sanksi tegas terhadap pelaku doxing/kebocoran data. 
#poinpentingpdp https://t.co/O2WYt8bZNQ",positive
"Jadi, salah satu #poinpentingpdp adalah kita berhak menggugat jika ada kebocoran data yg terjadi gaes
Aturan UU PDP https://t.co/i9hI2vftVX",positive
"sebagai subjek data, kita berhak untuk mendapatkan salinan data pribadi untuk menjaga kerahasian data pribadi. dengan di sah kan nya Aturan UU PDP semoga tidak ada lagi kebocoran data pribadi. #poinpentingpdp https://t.co/KFcQazNuvO",positive
"dengan pengesahan RUU PDP, diharapkan kasus-kasus kebocoran data pribadi yang semakin banyak terjadi bisa dihentikan #poinpentingpdp
Aturan UU PDP https://t.co/t6JLniRlOg",positive
"Pemerintah dan DPR sudah resmi mengesahkan UU Perlindungan Data Pribadi, setiap orang punya hak atas jaminan keamanan data pribadi, dan semoga tidak adalagi kebocoran data #poinpentingpdp Aturan UU PDP https://t.co/3sPXkqwqG4",positive
"Semoga semakin minim kasus kebocoran data #poinpentingpdp
Aturan UU PDP https://t.co/cC3HkkQXAo",positive
@kegblgnunfaedh Harusnya dulu gitu ya.. tapi kan dulu ngga ada kebocoran data ??ù˝ https://t.co/NLOlSpE22e,positive
"Untuk mencegah kebocoran data, alangkah baiknya kita mengaktifkan verifikasi 2 langkah. Bukan mengganti password 
#kuliahasyik
#digitalactivism @irwan_dwi_a",positive
"Untuk mencegah kebocoran data, alangkah baiknya kita mengaktifkan verifikasi 2 langkah. Bukan mengganti password 
#kuliahasyik
#digitalactivism",positive
"Semoga tak ada lagi kebocoran data usai BSSN dapat dana tambahan

https://t.co/EHUpGukOYF",positive
@SanggarKutipan Semoga bisa mengurangi kebocoran data secara signifikan,positive
"5 Tips Aman Berselancar di Internet, Hindari Kebocoran Data Pribadi
 
https://t.co/kz1vY1tQL3 via @OfficialTribun",positive
"5 Tips Aman Berselancar di Internet, Hindari Kebocoran Data Pribadi
 
https://t.co/4Kv2KYMwnB via @tribunnews",positive
"kita semua tau kalo data pribadi itu penting sekali. nah dijaman skrg ini sering banget kejadian kebocoran data pribadi. tapi temen"" gaperlu risau karna udah ada UU PDP #kitapunyapdp semoga berManfaat UU PDP nya???è",positive
Mantap ???ç membentuk tim tanggap darurat untuk dapat menangani kebocoran data. https://t.co/udcaM3WZdk,positive
"Semoga dengan adanya UU ini tidak ada lagi berita tentang kebocoran data pribadi individu atau masyarakat 
#kitapunyapdp
Manfaat UU PDP https://t.co/Ha0x7zmywI",positive
"Semoga dengan adanya UU ini tidak ada lagi berita tentang kebocoran data pribadi individu atau masyarakat
#kitapunyapdp https://t.co/O3sSh9bvmX",positive
"Adanya UU PDP ini menjadi jawaban atas keresahan masyarakat terkait kebocoran data. Thanks bgt pemerintah udh nyesuaikan aturan ini
 #kitapunyapdp Manfaat UU PDP https://t.co/UeNNTUU9zF",positive
"Akhir"" ini banyak berita kebocoran data, pas banget nih ada UU PDP mengingat data pribadi itu sangat penting.
#kitapunyapdp
Manfaat UU PDP https://t.co/E9prHDTeXu",positive
"sekarang ga perlu khawatir lagi soal kebocoran data karena #kitapunyapdp UU PDP sudah di sahkan 

Manfaat UU PDP https://t.co/TwQ5vINZDp",positive
"Bermanfaat bgt sih uu ini apalagi belakangan marak terjadi kebocoran data yagaksi . Semoga dengan adanya uu ini semua yang terlibat bisa lebih aware #kitapunyapdp
Manfaat UU PDP https://t.co/JDWBUBpl7L",positive
"Alhamdulillah UU PDP udah sah, UU tersebut dapat mengurangi kebocoran data karena adanya ancaman sanksi yang jelas bagi pengelola data
#kitapunyapdp
Manfaat UU PDP https://t.co/zaHyaNyQZR",positive
"Manfaat UU PDP dapat mengurangi?ˇkebocoran data?ˇkarena adanya ancaman sanksi yang jelas bagi pengelola data. Pengelola data juga diharapkan bisa lebih peduli dan baik dalam mengelola datanya
#kitapunyapdp https://t.co/7DwSjpT2xj",positive
"Waa seneng banget dengan adanya UU UDP jadi ngga khawatir akan kebocoran data pribadi. Karena data kita dah memiliki perlindungan ya keren keren #kitapunyapdp
Manfaat UU PDP https://t.co/axMEQ2b9HL",positive
"Indonesia sering bgt kebocoran data digital, untung #kitapunyapdp yang salah satu Manfaat UU PDP adalah melindungi data kita gaes. https://t.co/FtvEQ5WX1m",positive
Emang kalau ngomongin masalah data tu hal sensitif untung aja sekarang #kitapunyapdp jadi data kita udah dilindungi secara hukum dan apabila ada kebocoran kita bisa nuntun Manfaat UU PDP https://t.co/1st1NfPKTu,positive
"Manfaat UU PDP bisa membentengi data pribadi, harapannya bisa mengurangi kasus kebocoran data
#kitapunyapdp https://t.co/V109R71RJK",positive
"Alhamdulillah sekarang udah ada UU PDP, sebagai upaya melindungi kebocoran data-data kita mengingat betapa pentingnya data pribadi kita #kitapunyapdp
Manfaat UU PDP https://t.co/5f7vgeSzJT",positive
"Dalam dunia bisnis data merupakan aset berharga yang harus di jaga. Dan sekarang saya sudah tidak khawatir lagi kebocoran data
#kitapunyapdp
Manfaat UU PDP https://t.co/mJsxYxXdEf",positive
"Sekarang kita ga perlu takut akan kebocoran data karna #kitapunyapdp yg baru aja disahkan pada 20 September 2022. Salah satu Manfaat UU PDP adalah terjaminnya hak warga negara terkait data pribadi, khususnya di ranah digital https://t.co/weyVDThExj",positive
"Akhir2 ini masyarakat diresahkan oleh kebocoran data pribadi, apalagi di era digital seperti skrg semakin mudah penyebaran datanya. Maka mulai 20 sept 2022 pemerintah mengeluarkan Undang-Undang Perlindungan Data Pribadi (UU PDP) secara SAH. 

#kitapunyapdp
Manfaat UU PDP https://t.co/0p6d6gLM9z",positive
The wait is over! UU Perlindungan Data Pribadi finally released!!! Manfaat UU PDP ini bener bener sepenting itu untuk mencegah kebocoran data kaya kemarin kejadian Bjorka. I'm trully grateful for #kitapunyapdp https://t.co/5bASHiRVGI,positive
"Manfaat UU PDPdapat mengurangi?ˇkebocoran data?ˇkarena adanya ancaman sanksi yang jelas bagi pengelola data. Pengelola data juga diharapkan bisa lebih peduli dan baik dalam mengelola datanya. 
#kitapunyapdp https://t.co/nnbraeZ4UO",positive
"Feeling blessed karna akhirnya UU Perlindungan Data udah di sahkan. Jadi  menurunkan rasa khawatir akan kebocoran data pribadi

#kitapunyapdp
Manfaat UU PDP https://t.co/lnNrpdxGHX",positive
"Akhirnya ada peraturan yang mengatur keamanan data kita, jadi engga perlu khawatir lagi akan kebocoran data kita. 
#kitapunyapdp
Manfaat UU PDP https://t.co/M4JxLWMv9h",positive
"semoga dengan adanya UU PDP bisa mencegah adanya kebocoran data pribadi kita rakyat Indonesia
#kitapunyapdp
Manfaat UU PDP https://t.co/kHSyn85EBr",positive
"UU PDP udah disahkan, ini merupakan upaya negara untuk melindungi data pribadi kita dan semoga dapat mengurangi serta mencegah kebocoran yang dapat merugikan banyak pihak
#kitapunyapdp
Manfaat UU PDP https://t.co/d21qQ3xrcD",positive
"#kitapunyapdp buat aman in data, minimalisir kebocoran data pribadi, jadi salah satu Manfaat UU PDP https://t.co/xANa5fZTos",positive
UU PDP Diharapkan Jadi Solusi Masalah Kebocoran Data https://t.co/caVCVEQJ9G https://t.co/mgWHyJE6Nu,positive
Pengamat: UU PDP memberikan rasa aman di tengah maraknya kasus kebocoran?ˇdata https://t.co/s3GQQ9gQ4m,positive
UU PDP Beri Rasa Aman di Tengah Marak Kasus Kebocoran?ˇData https://t.co/jkRojKhgW5,positive
UU PDP Beri Rasa Aman di Tengah Marak Kasus Kebocoran?ˇData https://t.co/nh1l8kC1hU,positive
UU PDP Beri Rasa Aman di Tengah Marak Kasus Kebocoran?ˇData https://t.co/9ama5g720S,positive
"data pribadi masyarakat selama ini belum begitu terjamin keamanannya karna adanya potensi kebocoran data guys, namun akhirnya UU PDP disahkan Puan Lindungi Datapribadi https://t.co/uGW6Z87AyK",positive
Berharap banget semoga kedepannya RUU PDP bisa menekan angka kebocoran daya dan bahkan ga ada kebocoran data lagi. Puan Lindungi Datapribadi https://t.co/WnJH6FTsz5 https://t.co/qa1v21YNjf,positive
Berharap semoga kedepannya RUU PDP bisa menekan angka kebocoran dan bahkan tak akan ada lagi kebocoran data masyarakat lagi. Puan Lindungi Datapribadi https://t.co/sOgovjFMhZ https://t.co/9KctSFdU3U,positive
sangat diharapkan semoga kedepannya RUU PDP bisa menekan angka kebocoran daya dan bahkan tidak ada kebocoran data lagi. Puan Lindungi Datapribadi https://t.co/Ay4NJDg8Uf https://t.co/AsYlA9oXMv,positive
"Data pribadi masyarakat selama ini belum begitu terjamin keamanannya karna adanya potensi kebocoran data guys, namun akhirnya UU PDP disahkan. Semoga dengan begini tidak ada kebocoran lagi. Puan Lindungi Datapribadi https://t.co/ULzlb52mtw",positive
"Kecekatan DPR yang bersama-sama pemerintah merealisasikan UU PDP dinilai menghadirkan rasa aman bagi warga Indonesia di tengah maraknya kasus-kasus kebocoran data.
Puan Lindungi Datapribadi https://t.co/bTfJm620lq",positive
"data pribadi masyarakat selama ini belum begitu terjamin keamanannya karna adanya potensi kebocoran data guys, namun akhirnya UU PDP disahkan Puan Lindungi Datapribadi https://t.co/EGyQx6yuDY",positive
Saya sangat setuju banget dengan adanya RUU PDP yang akan disahkan agar mencegah kebocoran data seperti sebelumnya dan bisa melindungi data rakyat. Puan Lindungi Datapribadi https://t.co/zuF3H3Qpiv https://t.co/XWuiJykkDj,positive
"Saat ini lagi viral fenomena hacker Bjorka, oleh karna itu UU PDP hadir untuk memberikan perlindungan kepada data pribadi masyarakat agar tidak terjadi kebocoran 
Puan Lindungi Datapribadi https://t.co/ulnpLyF9nG",positive
"Pengesahan UU PDP ini merupakan salah satu satu kewajiban negara yg diwujudkan demi melindungi data pribadi masyarakat sehingga diharapkan tidak lagi ada kebocoran data 
Puan Lindungi Datapribadi https://t.co/VL3MLYNAcw",positive
Pimpinan DPR berterima kasih kepada para pakar dan seluruh elemen bangsa yang berkontribusi memberikan masukan tentang RUU PDP mantap semoga kedepanny tidak terjadi lagi kebocoran data. Puan Lindungi Datapribadi https://t.co/nidIJOrp8D,positive
Aku sihh emang Berharap banget semoga kedepannya RUU PDP bisa menekan angka kebocoran daya dan bahkan ga ada kebocoran data lagi. Puan Lindungi Datapribadi https://t.co/LhIGFGuqIX https://t.co/n1BNGklKvt,positive
Berharap banget semoga kedepannya RUU PDP bisa menekan angka kebocoran daya dan bahkan ga ada kebocoran data lagi. Puan Lindungi Datapribadi https://t.co/GHasa5tJxw,positive
Berharap banget semoga saja kedepannya RUU PDP bisa menekan angka kebocoran daya dan bahkan ga ada kebocoran data lagi. Puan Lindungi Datapribadi https://t.co/8To7t34O5i https://t.co/1jQnGkHTzK,positive
"Berharap banget semoga kedepannya RUU PDP bisa menekan angka kebocoran daya dan bahkan ga ada kebocoran data lagi.
Puan Lindungi Datapribadi https://t.co/DoQ6Icmbqs",positive
"Setuju banget dengan adanya RUU PDP yang akan disahkan agar mencegah kebocoran data seperti sebelumnya yang sudah terjadi. 
Puan Lindungi Datapribadi https://t.co/XAKRf2UxEH https://t.co/YowyxoV8Cr",positive
"marak kasus-kasus kebocoran data, akhirnya undang-undang perlindungan data pribadi disahkan Puan Lindungi Datapribadi
https://t.co/y5aGL3MKA7",positive
Dengan adanya RUU PDP ini diharapkan agar data pribadi warga bisa terlindungi kedepannya tidak ada acuran kebocoran data lagi Puan Lindungi Datapribadi https://t.co/Nw8SgAXBEU https://t.co/li9B7voK6f,positive
UU PDP Diharapkan Tekan Peretasan dan Kebocoran Data https://t.co/CBIIIneWus,positive
"6 Tips Keamanan Siber untuk PSE, Ancaman Kebocoran Data Meningkat https://t.co/NN1xEu3y8z",positive
"UU PDP Disahkan, Legislator Golkar: Bisa Mengurangi Dengan Gignifikan Peretasan dan Kebocoran Data  https://t.co/kvbJUJb90y lewat @kabargolkarcom",positive
"Tidak ada lagi kebocoran data pribadi...hebat Pak Jokowi.

Aceh
#JokowiHebat
#JokowiPresidenku
#JokowiBapakInfrastruktur
#PembangunanUntukRakyat https://t.co/UcnSn3gV7h",positive
"Tidak ada lagi kebocoran data pribadi...hebat Pak Jokowi.

Aceh
#JokowiHebat
#JokowiPresidenku
#JokowiBapakInfrastruktur
#PembangunanUntukRakyat https://t.co/MhpG95mtKM",positive
Lho katanya gaada kebocoran data????? https://t.co/UdsS6vyBNm,positive
"Di tengah kontroversi kebocoran informasi, Indonesia sahkan RUU perlindungan data
Walaupun disambut, UU PDP dilihat masih bermasalah terutama terkait independensi Lembaga Pengawas Perlindungan Data Pribadi.
#UUPDP 
https://t.co/WT7baKiZgs",positive
"Johnny : Dlm UU PDP menjd kewajiban dr penyelenggaran sistem elektronik, baik itu pemerintah/publik/privat/swasta hrs memastikan di dlm sistemnya data pribadi dilindungi...jk terjd insiden kebocoran data pribadi mk akan kena sanksi, baik sanksi administrasi/sanksi pidana https://t.co/NqoMlWRLiI",positive
"Sah! RUU PDP (Perlindungan Data Pribadi) kini telah resmi menjadi UU PDP (20/9/22).

#uupdp #uupdpdisahkan #IT #kebocorandata #feelsafewithus #keamanansiberindonesia #cybersecurity https://t.co/yjseSvwwcG",positive
"DPR RI Sahkan RUU PDP Menjadi Undang-Undang

UU ini diharapkan mampu menjadi awal yang baik dalam menyelesaikan permasalahan kebocoran data pribadi di Indonesia.
@PlateJohnny 
@kemkominfo 
@DPR_RI https://t.co/6RP5MbBouL",positive
"Lahirnya UU PDP sebagai legislasi perlindungan data yang komprehensif, tentunya bukanlah solusi akhir atas semua persoalan perlindungan data pribadi, termasuk rentetan insiden kebocoran data pribadi.",positive
"Persetujuan pengesahan RUU Pelindungan Data Pribadi menandai era baru tata kelola data pribadi di Indonesia, khususnya di ranah digital. Kehadirannya juga diharapkan mampu mencegah kebocoran data pribadi yang kian masif. #Polhuk #AdadiKompas
https://t.co/6Yf48W1SB7",positive
"Persetujuan pengesahan RUU Pelindungan Data Pribadi menandai era baru tata kelola data pribadi di Indonesia, khususnya di ranah digital. Kehadirannya juga diharapkan mampu mencegah kebocoran data pribadi yang kian masif. #Polhuk #AdadiKompas

https://t.co/BCzE5ape6u",positive
"UU ini diharapkan mampu menjadi awal yang baik dalam menyelesaikan permasalahan kebocoran data pribadi di Indonesia.
@jokowi @PlateJohnny @kemkominfo https://t.co/peTAwSA4yq",positive
"RUU PDP Resmi Jadi UU, Mampukah Selesaikan Masalah Kebocoran Data Pribadi? https://t.co/VYFygsJka5",positive
"Kehadiran UU PDP diharapkan mampu menjadi awal yang baik dalam menyelesaikan permasalahan kebocoran data pribadi di Indonesia.

https://t.co/5CBi6UIW4S",positive
Pengesahan RUU PDP diharapkan menyelesaikan permasalahan kebocoran data pribadi https://t.co/rmcOMmnGSo,positive
Apakah Anda optimis jika RUU Perlindungan Data Pribadi ini dapat menekan kebocoran data dan dapat melindungi data masyarakat? #MostPolling,positive
"Beberapa waktu belakangan, rentetan kasus kebocoran data marak terjadi di tanah air. Salah satunya hacker bernama Bjorka. Dengan disahkannya RUU PDP, maka kasus kebocoran data semacam ini harusnya bisa lebih ditekan dan data masyarakat lebih terlindungi. #MostPolling",positive
"Kemarin sore baru aja mulai lagi nontonin eaw episod 15.

Ceritain ttg kebocoran data. Kok agak beda sama rl di....

Baiklaa emang bisa nikmatin proses hukumnya ga di rl yaa. https://t.co/GdHmhFLNHB",positive
Data aman gag ad kebocoran data Data aman gag ad kebocoran data Data aman gag ad kebocoran data Data aman gag ad kebocoran data https://t.co/HbOHakICsv,positive
Data aman tidk ad kebocoran data Data aman tidk ad kebocoran data Data aman tidk ad kebocoran data Data aman tidk ad kebocoran data https://t.co/RJX4ca3OJT,positive
"Ini Solusi Jika Kebocoran Data
Selengkapnya klik https://t.co/Dus1bjrsZs",positive
"@UyokBack @Alie_Fahnoor Ikutan perkuat data sistem, biar nga ada kebocoran lagi ???????? https://t.co/ikWMgEO1vN",positive
"Pemuda yang ditangkap di Madiun terkait ""hacker"" Bjorka kini ditetapkan menjadi tersangka. * #Bjorka #Madiun #KebocoranData #JernihMelihatDunia

Baca selengkapnya di sini: https://t.co/XLFt06lx5Q https://t.co/vBadXsh6dp",positive
"Kebocoran Data Marak Terjadi, Berikut Tips Aman dari Kebocoran?ˇData https://t.co/6pyCuelIHI",positive
Data aman ga ada kebocoran data. Data aman ga ada kebocoran data. Data aman ga ada kebocoran data https://t.co/TkDfo1oLTN,positive
Data aman g ad kebocoran data. Data aman g ad kebocoran data. Data aman g ad kebocoran data https://t.co/VEeRChVtPH,positive
Data aman enggak ada kebocoran data. Data aman enggak ada kebocoran data. Data aman enggak ada kebocoran data https://t.co/k4xgzOxNmg,positive
Data aman endak ada kebocoran data. Data aman endak ada kebocoran data. Data aman endak ada kebocoran data https://t.co/1Uw1EKdgzX,positive
Data aman dak ad kebocoran data. Data aman dak ad kebocoran data. Data aman dak ad kebocoran data https://t.co/S553DmFaIZ,positive
Data aman tak ada kebocoran data. Data aman tak ada kebocoran data. Data aman tak ada kebocoran data https://t.co/iDOOdku0ZB,positive
Data aman tidk ad kebocoran data. Data aman tidk ad kebocoran data. Data aman tidk ad kebocoran data https://t.co/YlsyichAoD,positive
Data aman tidak ada kebocoran data. Data aman tidak ada kebocoran data. Data aman tidak ada kebocoran data https://t.co/zNFPmm1C9i,positive
"Heboh Kebocoran Data Gara-gara Hacker Bjorka, Simak 4 Tips Buat Password Medsos Agar Susah Dibobol
 
https://t.co/DTGkkb3BrH via @tribunjatim",positive
Anggota Komisi I DPR RI @cumarachel berharap dengan hadirnya Undang-Undang Perlindungan Data Pribadi (PDP) dapat melindungi kebocoran dan juga penyalahgunaan data masyarakat oleh oknum yang tidak bertanggungjawab. #SuaraGerindra https://t.co/WrV41mt2d1,positive
"@sociotalker Geram bgt anjir sama kebocoran data, fakkk lah. Gatau apa bnyk yg aware bgt jagain datanya biar ttp aman. Knp sih negeri ini bnyk org yg ga ahli tp bisa menjabat disuatu konsitusi, ayo kasih chance ke yg lebih muda, apalagi soal teknologi gin",positive
"Tip dan trik mencegah kebocoran data pribadi

Maraknya peretasan dan kebocoran data penting sedang menjadi topik hangat. Terdapat beberapa tips pakar teknologi dan komunikasi untuk masyarakat agar bebas dari peretasan dunia maya.

Simak lebih lanjut di https://t.co/dK3pHOSTjf https://t.co/tpVdhCsiZv",positive
"@detikcom Setelah menyangkali adanya kebocoran data, akhirnya ada langkah konkrit yang bisa diambil ya. Syukurlah. Lebih baik terlambat daripada tidak sama sekali.",positive
"Terkait maraknya kebocoran data, Menkominfo @PlateJohnny berharap RUU PDP dapat segera disahkan https://t.co/H5rhjXo9zk",positive
"Nah, terus wajib pake iPhone yg sekuritas tertinggi. Walau ini cuma hacker abal abal sales online. Untuk menghindari kebocoran data lainnya.",positive
"Kebocoran data itu masalah serius, tapi kadang dikasih solusi yang kayak bercanda. Wah, emang perlu di-Musyawarah-in nih!

| Musyawarah https://t.co/naWVvi714V",positive
"Fitur Jagoan Clouds, Cegah Kebocoran Data https://t.co/M9VVT76ijz",positive
"Meutya Hafid: RUU PDP Diharapkan Melindungi Kebocoran Data Pribadi Masyarakat
https://t.co/yJTpyk1VBB
#airlanggahartarto #airlanggapemersatu #airlanggauntukindonesia #partaigolkar #golkarpedia #golkarsolid",positive
"Begitulah kalo sistem pemerintahan yang ada sekarang gak diisi sama orang2 yang profesional dibidangnya, alhasil gak punya rasa tanggung jawab sama sekali dan menganggap sepele permasalahan kebocoran data 
Semoga indo bisa lebih baik dg presiden hebat di 2024",positive
"Cegah Kebocoran Data, Jagoan Cloud Punya Solusinya
https://t.co/vLdZIimj3O",positive
"RUU PDP Segera Disahkan, DPR Harap Tak Ada Lagi Kebocoran Data Pribadi https://t.co/YVhS43ggm4",positive
"RUU PDP Segera Disahkan, DPR Harap Tak Ada Lagi Kebocoran Data Pribadi https://t.co/OiIjR7pRxN",positive
"@cakimiNOW Tidak bisa dihindari, kebocoran disebabkan salah tatakelola. Diperlukan perbaikan menyeluruh agar keamanan data bisa terjamin.",positive
"@toegiono @gorioyoo @CNNIndonesia Udah lama kebocoran data Nik, masnya lebih gencar lagi uptodatenya",positive
"Maraknya Kebocoran Data Publik, Ombudsman RI Dorong RUU PDP Disahkan https://t.co/Jc5QP685r7",positive
@yourlocalriot @masadepansureal @txtdrpemerintah Lengkap banget ya kebocoran data nya wkwkwkwkwk,positive
happy birthday sir @PlateJohnny selamat menikmati kebocoran data!!,positive
"Soal kebocoran data,sejak awal banyak yg ingatkan,tp pemerintah selalu pede bilang aman,skrg terbukti ga aman,pada kebingungan.",positive
"Marak Kebocoran Data, Menkominfo Johnny Plate Harap RUU PDP Segera Disahkan

Menkominfo @PlateJohnny mengatakan, RUU PDP baru saja melewati tingkat I dalam rapat bersama komisi I DPR RI.
@kemkominfo
https://t.co/TsiEDRa8df",positive
"Marak Kebocoran Data, Menkominfo @PlateJohnny Harap RUU PDP Segera Disahkan

UU ini nantinya juga akan mengatur tentang kewajiban dan sanksi bagi tindakan É?? tindakan melawan hukum terhadap data pribadi,
@kemkominfo
https://t.co/lMv0ayPkZ8",positive
"Marak Kebocoran Data, Menkominfo @PlateJohnny Harap RUU PDP Segera Disahkan

Menkominfo menilai dengan disahkannya RUU PDP ini, Indonesia akan mempunyai UU PDP yang setara dengan UU PDP negara É?? negara lain.
@kemkominfo
https://t.co/qYMUlJC7UP",positive
"RUU PDP Segera Disahkan, DPR Harap Tak Ada Lagi Kebocoran Data Pribadi

#langit7id #cahayamenujukebaikan 

https://t.co/kELyUHYXbZ",positive
"@darktracer_int Omg, kalo dari dulu tetep setia dengan 'fotokopi KTP' sepertinya gaakan ada kebocoran data yang begitu banyak",positive
Gus AMI Beri Tanggapan Soal Kebocoran Data https://t.co/lQ4rHz4Qxu,positive
"Keren sih ini, tapi sayang gak bisa nambal kebocoran data. https://t.co/naXe1Vq0J3",positive
"Ayo Jadi Nasabah Bijak, Antisipasi Kebocoran Data dari Kejahatan Siber.
https://t.co/6hULsGAC8M
@NasabahBijak @BankBRI_ID
#NasabahBijak #NasabahBijakBloggingCompetition #MemberiMaknaIndonesia",positive
"Emang bener mereka yg ngerasa aman ga ada kebocoran data diginiin wk 
""I love to spill this stupid big mouth one anyway that called"" ""TBF"". ENJOY the SHOW"" ???????? https://t.co/xKaDrIsNfL",positive
"@lantip mungkin nda perlu nyonto njabaÉ??tapi mungkin malah nyonto sistem adat sederhana kaya wong badui misaleÉ??

kan malah enak ra ana kebocoran data :)",positive
"Seluruh fraksi di Komisi I DPR RI menyetujui penyusunan RUU Perlindungan Data Pribadi (RUU PDP) dilanjutkan ke pembahasan tingkat II atau pengambilan keputusan pada rapat paripurna DPR RI, Rabu (7/9). RUU PDP diharapkan bisa mengatasi banyaknya kebocoran data pribadi. 

#RUUPDP https://t.co/ER086VHAX2",positive
"Ramai Kasus Kebocoran Data, Ini Hal yang Bisa Dilakukan untuk Menambah Keamanan Digital https://t.co/SXKQdykSF5 #KebocoranData #Kominfo",positive
"@MataNajwa Menteri terbaik pilihan @jokowi tetap merasa benar dan mampu menghadapi pertanyaan pers dan masyarakat. Hebat dan membanggakan sekali. Tetap stay pak Kominfo terbaik. Kebocoran data masih kurang, masih ada 100 juta data lagi bocor untuk dijual",positive
Solusi Kebocoran Data?ˇPribadi https://t.co/B3ujjOxCrI,positive
@ginozabae @kdrama_menfess kebocoran data kh? smoga lancar sampai hari h,positive
"@kylrrhz Klo bicara aman ga aman gmna yaa kak, semua platform pasti ada ancaman cyber nya:( tp selama aku mke 7 bln-an ini aman kok kak, dr nusaresearch blm pernah ada kebocoran data",positive
