Datetime,Tweet,Casefolding,Remove_Special_Text,Tokenizing,Stopword,Stemming,Dataclean
2023-01-09 15:40:50+00:00,"@anima Belum lagi isu keamanan data kalo pake wifi publik, giliran kebocoran aja langsung teriak2 Bjorka bjorka","@anima belum lagi isu keamanan data kalo pake wifi publik, giliran kebocoran aja langsung teriak2 bjorka bjorka", belum lagi isu keamanan data kalo pake wifi publik  giliran kebocoran aja langsung teriak bjorka bjorka,"['belum', 'lagi', 'isu', 'keamanan', 'data', 'kalo', 'pake', 'wifi', 'publik', 'giliran', 'kebocoran', 'aja', 'langsung', 'teriak', 'bjorka', 'bjorka']","['isu', 'keamanan', 'data', 'pake', 'wifi', 'publik', 'giliran', 'kebocoran', 'langsung', 'teriak', 'bjorka', 'bjorka']","['isu', 'aman', 'data', 'pake', 'wifi', 'publik', 'gilir', 'bocor', 'langsung', 'teriak', 'bjorka', 'bjorka']",isu aman data pake wifi publik gilir bocor langsung teriak bjorka bjorka
2023-01-09 11:21:03+00:00,"Oleh karena itu, penting bagi kita semua untuk terlebih dahulu mengenali apa saja penyebab dari kebocoran data. 

Ingin tahu apa saja? Yuk disimak informasi berikut! https://t.co/g2zQYpAdb9","oleh karena itu, penting bagi kita semua untuk terlebih dahulu mengenali apa saja penyebab dari kebocoran data. 

ingin tahu apa saja? yuk disimak informasi berikut! https://t.co/g2zqypadb9",oleh karena itu  penting bagi kita semua untuk terlebih dahulu mengenali apa saja penyebab dari kebocoran data  ingin tahu apa saja  yuk disimak informasi berikut  ,"['oleh', 'karena', 'itu', 'penting', 'bagi', 'kita', 'semua', 'untuk', 'terlebih', 'dahulu', 'mengenali', 'apa', 'saja', 'penyebab', 'dari', 'kebocoran', 'data', 'ingin', 'tahu', 'apa', 'saja', 'yuk', 'disimak', 'informasi', 'berikut']","['mengenali', 'penyebab', 'kebocoran', 'data', 'yuk', 'disimak', 'informasi']","['nali', 'sebab', 'bocor', 'data', 'yuk', 'simak', 'informasi']",nali sebab bocor data yuk simak informasi
2023-01-09 11:19:58+00:00,"Dampak terburuk yang mungkin bisa terjadi karena kebocoran data di perusahaan atau organisasi yaitu hilangnya kepercayaan publik, reputasi, denda, dan bahkan dapat menimbulkan tuntutan hukum.","dampak terburuk yang mungkin bisa terjadi karena kebocoran data di perusahaan atau organisasi yaitu hilangnya kepercayaan publik, reputasi, denda, dan bahkan dapat menimbulkan tuntutan hukum.",dampak terburuk yang mungkin bisa terjadi karena kebocoran data di perusahaan atau organisasi yaitu hilangnya kepercayaan publik  reputasi  denda  dan bahkan dapat menimbulkan tuntutan hukum ,"['dampak', 'terburuk', 'yang', 'mungkin', 'bisa', 'terjadi', 'karena', 'kebocoran', 'data', 'di', 'perusahaan', 'atau', 'organisasi', 'yaitu', 'hilangnya', 'kepercayaan', 'publik', 'reputasi', 'denda', 'dan', 'bahkan', 'dapat', 'menimbulkan', 'tuntutan', 'hukum']","['dampak', 'terburuk', 'kebocoran', 'data', 'perusahaan', 'organisasi', 'hilangnya', 'kepercayaan', 'publik', 'reputasi', 'denda', 'menimbulkan', 'tuntutan', 'hukum']","['dampak', 'buruk', 'bocor', 'data', 'usaha', 'organisasi', 'hilang', 'percaya', 'publik', 'reputasi', 'denda', 'timbul', 'tuntut', 'hukum']",dampak buruk bocor data usaha organisasi hilang percaya publik reputasi denda timbul tuntut hukum
2023-01-09 05:02:29+00:00,@501Awani Semua pihak harus bekerjasama membendung jenayah siber untuk menjamin kebocoran data individu dan sesuatu organisasi.,@501awani semua pihak harus bekerjasama membendung jenayah siber untuk menjamin kebocoran data individu dan sesuatu organisasi., semua pihak harus bekerjasama membendung jenayah siber untuk menjamin kebocoran data individu dan sesuatu organisasi ,"['semua', 'pihak', 'harus', 'bekerjasama', 'membendung', 'jenayah', 'siber', 'untuk', 'menjamin', 'kebocoran', 'data', 'individu', 'dan', 'sesuatu', 'organisasi']","['bekerjasama', 'membendung', 'jenayah', 'siber', 'menjamin', 'kebocoran', 'data', 'individu', 'organisasi']","['bekerjasama', 'bendung', 'jenayah', 'siber', 'jamin', 'bocor', 'data', 'individu', 'organisasi']",bekerjasama bendung jenayah siber jamin bocor data individu organisasi
2023-01-08 22:12:34+00:00,"#PartaiDemokrat: RUU PDP sangat penting untuk segera disahkan menjadi UU, agar masyarakat terlindungi dari kebocoran &amp; penyebaran data pribadi","#partaidemokrat: ruu pdp sangat penting untuk segera disahkan menjadi uu, agar masyarakat terlindungi dari kebocoran &amp; penyebaran data pribadi",partaidemokrat  ruu pdp sangat penting untuk segera disahkan menjadi uu  agar masyarakat terlindungi dari kebocoran  amp  penyebaran data pribadi,"['partaidemokrat', 'ruu', 'pdp', 'sangat', 'penting', 'untuk', 'segera', 'disahkan', 'menjadi', 'uu', 'agar', 'masyarakat', 'terlindungi', 'dari', 'kebocoran', 'amp', 'penyebaran', 'data', 'pribadi']","['partaidemokrat', 'ruu', 'pdp', 'disahkan', 'uu', 'masyarakat', 'terlindungi', 'kebocoran', 'penyebaran', 'data', 'pribadi']","['partaidemokrat', 'ruu', 'pdp', 'sah', 'uu', 'masyarakat', 'lindung', 'bocor', 'sebar', 'data', 'pribadi']",partaidemokrat ruu pdp sah uu masyarakat lindung bocor sebar data pribadi
2023-01-08 06:07:02+00:00,"@detikcom setau saya aplikasi mobile, ATM, pengisian uang ATM sampai maintenace di pihak ke 3an oleh bank2 BUMN, jadi terima bersih saja bank nya, ganti rugi, kebocoran data dll otomatis ditanggung vendor yg ditunjuk, beda sama bank swasta yg dikelola sama orang terkaya di Indonesia.","@detikcom setau saya aplikasi mobile, atm, pengisian uang atm sampai maintenace di pihak ke 3an oleh bank2 bumn, jadi terima bersih saja bank nya, ganti rugi, kebocoran data dll otomatis ditanggung vendor yg ditunjuk, beda sama bank swasta yg dikelola sama orang terkaya di indonesia.", setau saya aplikasi mobile  atm  pengisian uang atm sampai maintenace di pihak ke an oleh bank bumn  jadi terima bersih saja bank nya  ganti rugi  kebocoran data dll otomatis ditanggung vendor yg ditunjuk  beda sama bank swasta yg dikelola sama orang terkaya di indonesia ,"['setau', 'saya', 'aplikasi', 'mobile', 'atm', 'pengisian', 'uang', 'atm', 'sampai', 'maintenace', 'di', 'pihak', 'ke', 'an', 'oleh', 'bank', 'bumn', 'jadi', 'terima', 'bersih', 'saja', 'bank', 'nya', 'ganti', 'rugi', 'kebocoran', 'data', 'dll', 'otomatis', 'ditanggung', 'vendor', 'yg', 'ditunjuk', 'beda', 'sama', 'bank', 'swasta', 'yg', 'dikelola', 'sama', 'orang', 'terkaya', 'di', 'indonesia']","['setau', 'aplikasi', 'mobile', 'atm', 'pengisian', 'uang', 'atm', 'maintenace', 'an', 'bank', 'bumn', 'terima', 'bersih', 'bank', 'ganti', 'rugi', 'kebocoran', 'data', 'dll', 'otomatis', 'ditanggung', 'vendor', 'beda', 'bank', 'swasta', 'dikelola', 'orang', 'terkaya', 'indonesia']","['tau', 'aplikasi', 'mobile', 'atm', 'isi', 'uang', 'atm', 'maintenace', 'an', 'bank', 'bumn', 'terima', 'bersih', 'bank', 'ganti', 'rugi', 'bocor', 'data', 'dll', 'otomatis', 'tanggung', 'vendor', 'beda', 'bank', 'swasta', 'kelola', 'orang', 'kaya', 'indonesia']",tau aplikasi mobile atm isi uang atm maintenace an bank bumn terima bersih bank ganti rugi bocor data dll otomatis tanggung vendor beda bank swasta kelola orang kaya indonesia
2023-01-08 03:40:08+00:00,Mencegah kebocoran data melalui penerapan standar keamanan informasi ISO 27001 https://t.co/FQ0hZPn4O9,mencegah kebocoran data melalui penerapan standar keamanan informasi iso 27001 https://t.co/fq0hzpn4o9,mencegah kebocoran data melalui penerapan standar keamanan informasi iso  ,"['mencegah', 'kebocoran', 'data', 'melalui', 'penerapan', 'standar', 'keamanan', 'informasi', 'iso']","['mencegah', 'kebocoran', 'data', 'penerapan', 'standar', 'keamanan', 'informasi', 'iso']","['cegah', 'bocor', 'data', 'terap', 'standar', 'aman', 'informasi', 'iso']",cegah bocor data terap standar aman informasi iso
2023-01-08 02:51:58+00:00,"Komentar: Bukan data, atau koordinat yang menjadi rahasia seperti yg mereka katakan ttg kebocoran informasi. Akan tetapi yang lebih bahaya adalah kebocoran teknologi. Jika China sedikit cerdik, mereka bongkar rudal tsb, dan menelusuri seluruh infomrasi komponen yang digunakan.","komentar: bukan data, atau koordinat yang menjadi rahasia seperti yg mereka katakan ttg kebocoran informasi. akan tetapi yang lebih bahaya adalah kebocoran teknologi. jika china sedikit cerdik, mereka bongkar rudal tsb, dan menelusuri seluruh infomrasi komponen yang digunakan.",komentar  bukan data  atau koordinat yang menjadi rahasia seperti yg mereka katakan ttg kebocoran informasi  akan tetapi yang lebih bahaya adalah kebocoran teknologi  jika china sedikit cerdik  mereka bongkar rudal tsb  dan menelusuri seluruh infomrasi komponen yang digunakan ,"['komentar', 'bukan', 'data', 'atau', 'koordinat', 'yang', 'menjadi', 'rahasia', 'seperti', 'yg', 'mereka', 'katakan', 'ttg', 'kebocoran', 'informasi', 'akan', 'tetapi', 'yang', 'lebih', 'bahaya', 'adalah', 'kebocoran', 'teknologi', 'jika', 'china', 'sedikit', 'cerdik', 'mereka', 'bongkar', 'rudal', 'tsb', 'dan', 'menelusuri', 'seluruh', 'infomrasi', 'komponen', 'yang', 'digunakan']","['komentar', 'data', 'koordinat', 'rahasia', 'ttg', 'kebocoran', 'informasi', 'bahaya', 'kebocoran', 'teknologi', 'china', 'cerdik', 'bongkar', 'rudal', 'tsb', 'menelusuri', 'infomrasi', 'komponen']","['komentar', 'data', 'koordinat', 'rahasia', 'ttg', 'bocor', 'informasi', 'bahaya', 'bocor', 'teknologi', 'china', 'cerdik', 'bongkar', 'rudal', 'tsb', 'telusur', 'infomrasi', 'komponen']",komentar data koordinat rahasia ttg bocor informasi bahaya bocor teknologi china cerdik bongkar rudal tsb telusur infomrasi komponen
2023-01-07 22:37:16+00:00,Inilah antara bahaya kebocoran data. https://t.co/SH5cKXIsTs,inilah antara bahaya kebocoran data. https://t.co/sh5ckxists,inilah antara bahaya kebocoran data  ,"['inilah', 'antara', 'bahaya', 'kebocoran', 'data']","['bahaya', 'kebocoran', 'data']","['bahaya', 'bocor', 'data']",bahaya bocor data
2023-01-07 15:39:02+00:00,MPK sanggah dakwaan kebocoran data di laman sesawang https://t.co/V2iRCMRQf3,mpk sanggah dakwaan kebocoran data di laman sesawang https://t.co/v2ircmrqf3,mpk sanggah dakwaan kebocoran data di laman sesawang ,"['mpk', 'sanggah', 'dakwaan', 'kebocoran', 'data', 'di', 'laman', 'sesawang']","['mpk', 'sanggah', 'dakwaan', 'kebocoran', 'data', 'laman', 'sesawang']","['mpk', 'sanggah', 'dakwa', 'bocor', 'data', 'laman', 'sawang']",mpk sanggah dakwa bocor data laman sawang
2023-01-07 15:33:53+00:00,"Majlis Perbandaran Klang (MPK) menafikan dakwaan yang tular di media sosial berlakunya kebocoran data daripada sumber laman sesawangnya.

https://t.co/kxEh1pYdMj","majlis perbandaran klang (mpk) menafikan dakwaan yang tular di media sosial berlakunya kebocoran data daripada sumber laman sesawangnya.

https://t.co/kxeh1pydmj",majlis perbandaran klang  mpk  menafikan dakwaan yang tular di media sosial berlakunya kebocoran data daripada sumber laman sesawangnya  ,"['majlis', 'perbandaran', 'klang', 'mpk', 'menafikan', 'dakwaan', 'yang', 'tular', 'di', 'media', 'sosial', 'berlakunya', 'kebocoran', 'data', 'daripada', 'sumber', 'laman', 'sesawangnya']","['majlis', 'perbandaran', 'klang', 'mpk', 'menafikan', 'dakwaan', 'tular', 'media', 'sosial', 'berlakunya', 'kebocoran', 'data', 'sumber', 'laman', 'sesawangnya']","['majlis', 'bandar', 'klang', 'mpk', 'nafi', 'dakwa', 'tular', 'media', 'sosial', 'laku', 'bocor', 'data', 'sumber', 'laman', 'sawang']",majlis bandar klang mpk nafi dakwa tular media sosial laku bocor data sumber laman sawang
2023-01-07 10:03:05+00:00,#Terpopuler Twitter kembali dilanda kasus kebocoran data. Data yang bocor berisi alamat email milik 200 juta pengguna yang dijual di forum hacker senilai Rp 30 ribuan. https://t.co/DpfV85a7ZL,#terpopuler twitter kembali dilanda kasus kebocoran data. data yang bocor berisi alamat email milik 200 juta pengguna yang dijual di forum hacker senilai rp 30 ribuan. https://t.co/dpfv85a7zl,terpopuler twitter kembali dilanda kasus kebocoran data  data yang bocor berisi alamat email milik  juta pengguna yang dijual di forum hacker senilai rp  ribuan  ,"['terpopuler', 'twitter', 'kembali', 'dilanda', 'kasus', 'kebocoran', 'data', 'data', 'yang', 'bocor', 'berisi', 'alamat', 'email', 'milik', 'juta', 'pengguna', 'yang', 'dijual', 'di', 'forum', 'hacker', 'senilai', 'rp', 'ribuan']","['terpopuler', 'twitter', 'dilanda', 'kebocoran', 'data', 'data', 'bocor', 'berisi', 'alamat', 'email', 'milik', 'juta', 'pengguna', 'dijual', 'forum', 'hacker', 'senilai', 'rp', 'ribuan']","['populer', 'twitter', 'landa', 'bocor', 'data', 'data', 'bocor', 'isi', 'alamat', 'email', 'milik', 'juta', 'guna', 'jual', 'forum', 'hacker', 'nila', 'rp', 'ribu']",populer twitter landa bocor data data bocor isi alamat email milik juta guna jual forum hacker nila rp ribu
2023-01-07 00:30:30+00:00,"Twitter baru saja mengalami kebocoran data 235 juta penggunanya dan oleh acker disebar cuma-cuma di forum gelap
https://t.co/MF0HMlhbrQ","twitter baru saja mengalami kebocoran data 235 juta penggunanya dan oleh acker disebar cuma-cuma di forum gelap
https://t.co/mf0hmlhbrq",twitter baru saja mengalami kebocoran data  juta penggunanya dan oleh acker disebar cuma cuma di forum gelap ,"['twitter', 'baru', 'saja', 'mengalami', 'kebocoran', 'data', 'juta', 'penggunanya', 'dan', 'oleh', 'acker', 'disebar', 'cuma', 'cuma', 'di', 'forum', 'gelap']","['twitter', 'mengalami', 'kebocoran', 'data', 'juta', 'penggunanya', 'acker', 'disebar', 'forum', 'gelap']","['twitter', 'alami', 'bocor', 'data', 'juta', 'guna', 'acker', 'sebar', 'forum', 'gelap']",twitter alami bocor data juta guna acker sebar forum gelap
2023-01-06 12:08:07+00:00,Gal berujar bahwa peretasan yang terjadi di Twitter tersebut adalah salah satu kebocoran data paling besar yang pernah dia lihat. https://t.co/qKMps0gxWU,gal berujar bahwa peretasan yang terjadi di twitter tersebut adalah salah satu kebocoran data paling besar yang pernah dia lihat. https://t.co/qkmps0gxwu,gal berujar bahwa peretasan yang terjadi di twitter tersebut adalah salah satu kebocoran data paling besar yang pernah dia lihat  ,"['gal', 'berujar', 'bahwa', 'peretasan', 'yang', 'terjadi', 'di', 'twitter', 'tersebut', 'adalah', 'salah', 'satu', 'kebocoran', 'data', 'paling', 'besar', 'yang', 'pernah', 'dia', 'lihat']","['gal', 'peretasan', 'twitter', 'salah', 'kebocoran', 'data', 'lihat']","['gal', 'retas', 'twitter', 'salah', 'bocor', 'data', 'lihat']",gal retas twitter salah bocor data lihat
2023-01-06 09:04:44+00:00,Twitter kembali dilanda kasus kebocoran data. Data yang bocor berisi alamat email milik 200 juta pengguna yang dijual di forum hacker senilai Rp 30 ribuan. https://t.co/Gima1wgv5P,twitter kembali dilanda kasus kebocoran data. data yang bocor berisi alamat email milik 200 juta pengguna yang dijual di forum hacker senilai rp 30 ribuan. https://t.co/gima1wgv5p,twitter kembali dilanda kasus kebocoran data  data yang bocor berisi alamat email milik  juta pengguna yang dijual di forum hacker senilai rp  ribuan  ,"['twitter', 'kembali', 'dilanda', 'kasus', 'kebocoran', 'data', 'data', 'yang', 'bocor', 'berisi', 'alamat', 'email', 'milik', 'juta', 'pengguna', 'yang', 'dijual', 'di', 'forum', 'hacker', 'senilai', 'rp', 'ribuan']","['twitter', 'dilanda', 'kebocoran', 'data', 'data', 'bocor', 'berisi', 'alamat', 'email', 'milik', 'juta', 'pengguna', 'dijual', 'forum', 'hacker', 'senilai', 'rp', 'ribuan']","['twitter', 'landa', 'bocor', 'data', 'data', 'bocor', 'isi', 'alamat', 'email', 'milik', 'juta', 'guna', 'jual', 'forum', 'hacker', 'nila', 'rp', 'ribu']",twitter landa bocor data data bocor isi alamat email milik juta guna jual forum hacker nila rp ribu
2023-01-06 08:35:59+00:00,"Lagi-lagi dilanda kebocoran data, alamat email milik 200 juta pengguna Twitter dijual di forum hacker senilai Rp30 ribuan.  https://t.co/bJpN5QcB6n","lagi-lagi dilanda kebocoran data, alamat email milik 200 juta pengguna twitter dijual di forum hacker senilai rp30 ribuan.  https://t.co/bjpn5qcb6n",lagi lagi dilanda kebocoran data  alamat email milik  juta pengguna twitter dijual di forum hacker senilai rp ribuan  ,"['lagi', 'lagi', 'dilanda', 'kebocoran', 'data', 'alamat', 'email', 'milik', 'juta', 'pengguna', 'twitter', 'dijual', 'di', 'forum', 'hacker', 'senilai', 'rp', 'ribuan']","['dilanda', 'kebocoran', 'data', 'alamat', 'email', 'milik', 'juta', 'pengguna', 'twitter', 'dijual', 'forum', 'hacker', 'senilai', 'rp', 'ribuan']","['landa', 'bocor', 'data', 'alamat', 'email', 'milik', 'juta', 'guna', 'twitter', 'jual', 'forum', 'hacker', 'nila', 'rp', 'ribu']",landa bocor data alamat email milik juta guna twitter jual forum hacker nila rp ribu
2023-01-06 06:40:37+00:00,"Lewat MyPertamina, subsidi BBM bersubsidi dari Pertamina akan tepat sasaran dan terdata dengan sistem yang canggih dan anti  kebocoran data pelanggan. Hingga masyarakat akan menikmati subsidi yang telat sasaran.

#HakMasyarakatTepatGuna #HakMasyarakatTepatSasaran @pertamina https://t.co/otebcqWEd5","lewat mypertamina, subsidi bbm bersubsidi dari pertamina akan tepat sasaran dan terdata dengan sistem yang canggih dan anti  kebocoran data pelanggan. hingga masyarakat akan menikmati subsidi yang telat sasaran.

#hakmasyarakattepatguna #hakmasyarakattepatsasaran @pertamina https://t.co/otebcqwed5",lewat mypertamina  subsidi bbm bersubsidi dari pertamina akan tepat sasaran dan terdata dengan sistem yang canggih dan anti kebocoran data pelanggan  hingga masyarakat akan menikmati subsidi yang telat sasaran  hakmasyarakattepatguna hakmasyarakattepatsasaran ,"['lewat', 'mypertamina', 'subsidi', 'bbm', 'bersubsidi', 'dari', 'pertamina', 'akan', 'tepat', 'sasaran', 'dan', 'terdata', 'dengan', 'sistem', 'yang', 'canggih', 'dan', 'anti', 'kebocoran', 'data', 'pelanggan', 'hingga', 'masyarakat', 'akan', 'menikmati', 'subsidi', 'yang', 'telat', 'sasaran', 'hakmasyarakattepatguna', 'hakmasyarakattepatsasaran']","['mypertamina', 'subsidi', 'bbm', 'bersubsidi', 'pertamina', 'sasaran', 'terdata', 'sistem', 'canggih', 'anti', 'kebocoran', 'data', 'pelanggan', 'masyarakat', 'menikmati', 'subsidi', 'telat', 'sasaran', 'hakmasyarakattepatguna', 'hakmasyarakattepatsasaran']","['mypertamina', 'subsidi', 'bbm', 'subsidi', 'pertamina', 'sasar', 'data', 'sistem', 'canggih', 'anti', 'bocor', 'data', 'langgan', 'masyarakat', 'nikmat', 'subsidi', 'telat', 'sasar', 'hakmasyarakattepatguna', 'hakmasyarakattepatsasaran']",mypertamina subsidi bbm subsidi pertamina sasar data sistem canggih anti bocor data langgan masyarakat nikmat subsidi telat sasar hakmasyarakattepatguna hakmasyarakattepatsasaran
2023-01-06 05:33:37+00:00,"Masalah keselamatan Twitter meningkat dengan tuntutan kebocoran data pengguna - https://t.co/VqAw03aFpE
Pengguna tanpa nama di forum penggodam telah menerbitkan pangkalan data besar yang mereka","masalah keselamatan twitter meningkat dengan tuntutan kebocoran data pengguna - https://t.co/vqaw03afpe
pengguna tanpa nama di forum penggodam telah menerbitkan pangkalan data besar yang mereka",masalah keselamatan twitter meningkat dengan tuntutan kebocoran data pengguna   pengguna tanpa nama di forum penggodam telah menerbitkan pangkalan data besar yang mereka,"['masalah', 'keselamatan', 'twitter', 'meningkat', 'dengan', 'tuntutan', 'kebocoran', 'data', 'pengguna', 'pengguna', 'tanpa', 'nama', 'di', 'forum', 'penggodam', 'telah', 'menerbitkan', 'pangkalan', 'data', 'besar', 'yang', 'mereka']","['keselamatan', 'twitter', 'meningkat', 'tuntutan', 'kebocoran', 'data', 'pengguna', 'pengguna', 'nama', 'forum', 'penggodam', 'menerbitkan', 'pangkalan', 'data']","['selamat', 'twitter', 'tingkat', 'tuntut', 'bocor', 'data', 'guna', 'guna', 'nama', 'forum', 'godam', 'terbit', 'pangkal', 'data']",selamat twitter tingkat tuntut bocor data guna guna nama forum godam terbit pangkal data
2023-01-05 23:45:29+00:00,Tahun 2022 ini sempat digegerkan oleh berbagai kasus kebocoran data. Bahkan hal ini diduga terjadi pada lembaga-lembaga besar di Indonesia. https://t.co/jZcTxp6KbB,tahun 2022 ini sempat digegerkan oleh berbagai kasus kebocoran data. bahkan hal ini diduga terjadi pada lembaga-lembaga besar di indonesia. https://t.co/jzctxp6kbb,tahun  ini sempat digegerkan oleh berbagai kasus kebocoran data  bahkan hal ini diduga terjadi pada lembaga lembaga besar di indonesia  ,"['tahun', 'ini', 'sempat', 'digegerkan', 'oleh', 'berbagai', 'kasus', 'kebocoran', 'data', 'bahkan', 'hal', 'ini', 'diduga', 'terjadi', 'pada', 'lembaga', 'lembaga', 'besar', 'di', 'indonesia']","['digegerkan', 'kebocoran', 'data', 'diduga', 'lembaga', 'lembaga', 'indonesia']","['geger', 'bocor', 'data', 'duga', 'lembaga', 'lembaga', 'indonesia']",geger bocor data duga lembaga lembaga indonesia
2023-01-05 18:58:58+00:00,"@CNNIndonesia Johnny Plat G aka Johnny Tegal
Harusnya mundur pas kemarin kebocoran data biar keren ü§£ https://t.co/Jr7JAH58Rl","@cnnindonesia johnny plat g aka johnny tegal
harusnya mundur pas kemarin kebocoran data biar keren ü§£ https://t.co/jr7jah58rl", johnny plat g aka johnny tegal harusnya mundur pas kemarin kebocoran data biar keren   ,"['johnny', 'plat', 'g', 'aka', 'johnny', 'tegal', 'harusnya', 'mundur', 'pas', 'kemarin', 'kebocoran', 'data', 'biar', 'keren']","['johnny', 'plat', 'g', 'aka', 'johnny', 'tegal', 'mundur', 'pas', 'kemarin', 'kebocoran', 'data', 'keren']","['johnny', 'plat', 'g', 'aka', 'johnny', 'tegal', 'mundur', 'pas', 'kemarin', 'bocor', 'data', 'keren']",johnny plat g aka johnny tegal mundur pas kemarin bocor data keren
2023-01-05 18:53:50+00:00,"Adakah alamat email anda terlibat dengan insiden kebocoran data? Semak disini:
https://t.co/W5KBWDMNo6 https://t.co/LPmKfJgDl7","adakah alamat email anda terlibat dengan insiden kebocoran data? semak disini:
https://t.co/w5kbwdmno6 https://t.co/lpmkfjgdl7",adakah alamat email anda terlibat dengan insiden kebocoran data  semak disini  ,"['adakah', 'alamat', 'email', 'anda', 'terlibat', 'dengan', 'insiden', 'kebocoran', 'data', 'semak', 'disini']","['adakah', 'alamat', 'email', 'terlibat', 'insiden', 'kebocoran', 'data', 'semak']","['ada', 'alamat', 'email', 'libat', 'insiden', 'bocor', 'data', 'semak']",ada alamat email libat insiden bocor data semak
2023-01-05 16:28:57+00:00,@bctbetlau_ @IndiHome Wah kebocoran data bang. Aku aja cuman 1 https://t.co/Y6fOGpwMag,@bctbetlau_ @indihome wah kebocoran data bang. aku aja cuman 1 https://t.co/y6fogpwmag, wah kebocoran data bang  aku aja cuman  ,"['wah', 'kebocoran', 'data', 'bang', 'aku', 'aja', 'cuman']","['kebocoran', 'data', 'bang', 'cuman']","['bocor', 'data', 'bang', 'cuman']",bocor data bang cuman
2023-01-05 14:54:28+00:00,"Harap YB @fahmi_fadzil boleh highlight kan kpd agensi yg berkenaan mengenai kebocoran data ini.

Kritikal ni kalau betul, sebab kebanyakkan adalah dari .gov sendiri.

Yg ini katanya dari @MOHEOfficial https://t.co/iLpeW6ZRTC","harap yb @fahmi_fadzil boleh highlight kan kpd agensi yg berkenaan mengenai kebocoran data ini.

kritikal ni kalau betul, sebab kebanyakkan adalah dari .gov sendiri.

yg ini katanya dari @moheofficial https://t.co/ilpew6zrtc",harap yb boleh highlight kan kpd agensi yg berkenaan mengenai kebocoran data ini  kritikal ni kalau betul  sebab kebanyakkan adalah dari  gov sendiri  yg ini katanya dari ,"['harap', 'yb', 'boleh', 'highlight', 'kan', 'kpd', 'agensi', 'yg', 'berkenaan', 'mengenai', 'kebocoran', 'data', 'ini', 'kritikal', 'ni', 'kalau', 'betul', 'sebab', 'kebanyakkan', 'adalah', 'dari', 'gov', 'sendiri', 'yg', 'ini', 'katanya', 'dari']","['harap', 'yb', 'highlight', 'kpd', 'agensi', 'kebocoran', 'data', 'kritikal', 'ni', 'kebanyakkan', 'gov']","['harap', 'yb', 'highlight', 'kpd', 'agens', 'bocor', 'data', 'kritikal', 'ni', 'banyak', 'gov']",harap yb highlight kpd agens bocor data kritikal ni banyak gov
2023-01-05 14:31:59+00:00,"Mundur sajalah. Malah ngga karuan. Ngga bisa ngatasi masalah. Salah salahan. Kebocoran data, Mengacau tarif surat menyurat... Hhhh https://t.co/tHEoaHkjcP","mundur sajalah. malah ngga karuan. ngga bisa ngatasi masalah. salah salahan. kebocoran data, mengacau tarif surat menyurat... hhhh https://t.co/theoahkjcp",mundur sajalah  malah ngga karuan  ngga bisa ngatasi masalah  salah salahan  kebocoran data  mengacau tarif surat menyurat    hhhh ,"['mundur', 'sajalah', 'malah', 'ngga', 'karuan', 'ngga', 'bisa', 'ngatasi', 'masalah', 'salah', 'salahan', 'kebocoran', 'data', 'mengacau', 'tarif', 'surat', 'menyurat', 'hhhh']","['mundur', 'ngga', 'karuan', 'ngga', 'ngatasi', 'salah', 'salahan', 'kebocoran', 'data', 'mengacau', 'tarif', 'surat', 'menyurat', 'hhhh']","['mundur', 'ngga', 'karuan', 'ngga', 'ngatasi', 'salah', 'salah', 'bocor', 'data', 'acau', 'tarif', 'surat', 'surat', 'hhhh']",mundur ngga karuan ngga ngatasi salah salah bocor data acau tarif surat surat hhhh
2023-01-05 13:55:30+00:00,"@FirstMediaCares udah 3 hari inet down gada tindak lanjut, hari ini gaidup juga besok pasang provider lain, oiya apa ada kebocoran data? tiba2 fb pribadi di hack td mlm, instagram juga tapi instagram bisa selamat, mudah2an gada hubungan nya.","@firstmediacares udah 3 hari inet down gada tindak lanjut, hari ini gaidup juga besok pasang provider lain, oiya apa ada kebocoran data? tiba2 fb pribadi di hack td mlm, instagram juga tapi instagram bisa selamat, mudah2an gada hubungan nya.", udah  hari inet down gada tindak lanjut  hari ini gaidup juga besok pasang provider lain  oiya apa ada kebocoran data  tiba fb pribadi di hack td mlm  instagram juga tapi instagram bisa selamat  mudahan gada hubungan nya ,"['udah', 'hari', 'inet', 'down', 'gada', 'tindak', 'lanjut', 'hari', 'ini', 'gaidup', 'juga', 'besok', 'pasang', 'provider', 'lain', 'oiya', 'apa', 'ada', 'kebocoran', 'data', 'tiba', 'fb', 'pribadi', 'di', 'hack', 'td', 'mlm', 'instagram', 'juga', 'tapi', 'instagram', 'bisa', 'selamat', 'mudahan', 'gada', 'hubungan', 'nya']","['udah', 'inet', 'down', 'gada', 'tindak', 'gaidup', 'besok', 'pasang', 'provider', 'oiya', 'kebocoran', 'data', 'fb', 'pribadi', 'hack', 'td', 'mlm', 'instagram', 'instagram', 'selamat', 'mudahan', 'gada', 'hubungan']","['udah', 'inet', 'down', 'gada', 'tindak', 'gaidup', 'besok', 'pasang', 'provider', 'oiya', 'bocor', 'data', 'fb', 'pribadi', 'hack', 'td', 'mlm', 'instagram', 'instagram', 'selamat', 'mudah', 'gada', 'hubung']",udah inet down gada tindak gaidup besok pasang provider oiya bocor data fb pribadi hack td mlm instagram instagram selamat mudah gada hubung
2023-01-05 13:22:21+00:00,"@FirstMediaCares halo apakah firstmedia terjadi kebocoran data? Karena saya di tlp dengan nomor tak di kenal dan mengetahui data data saya di first media. Seperti email, biaya bulanan, dan paket yg saya pakai. Tolong tindak lanjutnya.","@firstmediacares halo apakah firstmedia terjadi kebocoran data? karena saya di tlp dengan nomor tak di kenal dan mengetahui data data saya di first media. seperti email, biaya bulanan, dan paket yg saya pakai. tolong tindak lanjutnya.", halo apakah firstmedia terjadi kebocoran data  karena saya di tlp dengan nomor tak di kenal dan mengetahui data data saya di first media  seperti email  biaya bulanan  dan paket yg saya pakai  tolong tindak lanjutnya ,"['halo', 'apakah', 'firstmedia', 'terjadi', 'kebocoran', 'data', 'karena', 'saya', 'di', 'tlp', 'dengan', 'nomor', 'tak', 'di', 'kenal', 'dan', 'mengetahui', 'data', 'data', 'saya', 'di', 'first', 'media', 'seperti', 'email', 'biaya', 'bulanan', 'dan', 'paket', 'yg', 'saya', 'pakai', 'tolong', 'tindak', 'lanjutnya']","['halo', 'firstmedia', 'kebocoran', 'data', 'tlp', 'nomor', 'kenal', 'data', 'data', 'first', 'media', 'email', 'biaya', 'bulanan', 'paket', 'pakai', 'tolong', 'tindak']","['halo', 'firstmedia', 'bocor', 'data', 'tlp', 'nomor', 'kenal', 'data', 'data', 'first', 'media', 'email', 'biaya', 'bulan', 'paket', 'pakai', 'tolong', 'tindak']",halo firstmedia bocor data tlp nomor kenal data data first media email biaya bulan paket pakai tolong tindak
2023-01-05 12:05:58+00:00,@idcryp_to @nusa_finance Bagaimana keamanan yang ditawarkan oleh nusa finance apabila terjadi kebocoran data ataupun hacker yang menyebabkan kehilangan dana dr investor? Apa ada ganti rugi/ jaminan? Terima kasih,@idcryp_to @nusa_finance bagaimana keamanan yang ditawarkan oleh nusa finance apabila terjadi kebocoran data ataupun hacker yang menyebabkan kehilangan dana dr investor? apa ada ganti rugi/ jaminan? terima kasih, bagaimana keamanan yang ditawarkan oleh nusa finance apabila terjadi kebocoran data ataupun hacker yang menyebabkan kehilangan dana dr investor  apa ada ganti rugi  jaminan  terima kasih,"['bagaimana', 'keamanan', 'yang', 'ditawarkan', 'oleh', 'nusa', 'finance', 'apabila', 'terjadi', 'kebocoran', 'data', 'ataupun', 'hacker', 'yang', 'menyebabkan', 'kehilangan', 'dana', 'dr', 'investor', 'apa', 'ada', 'ganti', 'rugi', 'jaminan', 'terima', 'kasih']","['keamanan', 'ditawarkan', 'nusa', 'finance', 'kebocoran', 'data', 'hacker', 'menyebabkan', 'kehilangan', 'dana', 'investor', 'ganti', 'rugi', 'jaminan', 'terima', 'kasih']","['aman', 'tawar', 'nusa', 'finance', 'bocor', 'data', 'hacker', 'sebab', 'hilang', 'dana', 'investor', 'ganti', 'rugi', 'jamin', 'terima', 'kasih']",aman tawar nusa finance bocor data hacker sebab hilang dana investor ganti rugi jamin terima kasih
2023-01-05 12:05:50+00:00,@idcryp_to Bagaimana keamanan yang ditawarkan oleh nusa finance apabila terjadi kebocoran data ataupun hacker yang menyebabkan kehilangan dana dr investor? Apa ada ganti rugi/ jaminan? Terima kasih,@idcryp_to bagaimana keamanan yang ditawarkan oleh nusa finance apabila terjadi kebocoran data ataupun hacker yang menyebabkan kehilangan dana dr investor? apa ada ganti rugi/ jaminan? terima kasih, bagaimana keamanan yang ditawarkan oleh nusa finance apabila terjadi kebocoran data ataupun hacker yang menyebabkan kehilangan dana dr investor  apa ada ganti rugi  jaminan  terima kasih,"['bagaimana', 'keamanan', 'yang', 'ditawarkan', 'oleh', 'nusa', 'finance', 'apabila', 'terjadi', 'kebocoran', 'data', 'ataupun', 'hacker', 'yang', 'menyebabkan', 'kehilangan', 'dana', 'dr', 'investor', 'apa', 'ada', 'ganti', 'rugi', 'jaminan', 'terima', 'kasih']","['keamanan', 'ditawarkan', 'nusa', 'finance', 'kebocoran', 'data', 'hacker', 'menyebabkan', 'kehilangan', 'dana', 'investor', 'ganti', 'rugi', 'jaminan', 'terima', 'kasih']","['aman', 'tawar', 'nusa', 'finance', 'bocor', 'data', 'hacker', 'sebab', 'hilang', 'dana', 'investor', 'ganti', 'rugi', 'jamin', 'terima', 'kasih']",aman tawar nusa finance bocor data hacker sebab hilang dana investor ganti rugi jamin terima kasih
2023-01-05 11:40:01+00:00,"Pastikan kamu hanya mengumpulkan dan memproses data yang kamu perlukan. 

Semakin banyak data yang kamu kumpulkan dan proses, semakin berat tanggung jawab kamu untuk melindungi data tersebut dari kebocoran dan penyalahgunaan privasi seseorang.

#UUPDP","pastikan kamu hanya mengumpulkan dan memproses data yang kamu perlukan. 

semakin banyak data yang kamu kumpulkan dan proses, semakin berat tanggung jawab kamu untuk melindungi data tersebut dari kebocoran dan penyalahgunaan privasi seseorang.

#uupdp",pastikan kamu hanya mengumpulkan dan memproses data yang kamu perlukan  semakin banyak data yang kamu kumpulkan dan proses  semakin berat tanggung jawab kamu untuk melindungi data tersebut dari kebocoran dan penyalahgunaan privasi seseorang  uupdp,"['pastikan', 'kamu', 'hanya', 'mengumpulkan', 'dan', 'memproses', 'data', 'yang', 'kamu', 'perlukan', 'semakin', 'banyak', 'data', 'yang', 'kamu', 'kumpulkan', 'dan', 'proses', 'semakin', 'berat', 'tanggung', 'jawab', 'kamu', 'untuk', 'melindungi', 'data', 'tersebut', 'dari', 'kebocoran', 'dan', 'penyalahgunaan', 'privasi', 'seseorang', 'uupdp']","['pastikan', 'mengumpulkan', 'memproses', 'data', 'perlukan', 'data', 'kumpulkan', 'proses', 'berat', 'tanggung', 'melindungi', 'data', 'kebocoran', 'penyalahgunaan', 'privasi', 'uupdp']","['pasti', 'kumpul', 'proses', 'data', 'perlu', 'data', 'kumpul', 'proses', 'berat', 'tanggung', 'lindung', 'data', 'bocor', 'penyalahgunaan', 'privasi', 'uupdp']",pasti kumpul proses data perlu data kumpul proses berat tanggung lindung data bocor penyalahgunaan privasi uupdp
2023-01-05 11:20:09+00:00,"Pemilu Setahun Lagi, Adakah Upaya Kebocoran Data Pemilih? https://t.co/zscO3gbqCR https://t.co/owUmJLB0Fu","pemilu setahun lagi, adakah upaya kebocoran data pemilih? https://t.co/zsco3gbqcr https://t.co/owumjlb0fu",pemilu setahun lagi  adakah upaya kebocoran data pemilih  ,"['pemilu', 'setahun', 'lagi', 'adakah', 'upaya', 'kebocoran', 'data', 'pemilih']","['pemilu', 'setahun', 'adakah', 'upaya', 'kebocoran', 'data', 'pemilih']","['milu', 'tahun', 'ada', 'upaya', 'bocor', 'data', 'pilih']",milu tahun ada upaya bocor data pilih
2023-01-05 10:58:17+00:00,"Muak banget sama orang-orang yang ngelabel perusahaan dan pekerjanya sebagai sesuatu yang jahat 

Padahal bisa aja asal kebocoran itu berasal dari kontrak yang dilanggar atau data breach?","muak banget sama orang-orang yang ngelabel perusahaan dan pekerjanya sebagai sesuatu yang jahat 

padahal bisa aja asal kebocoran itu berasal dari kontrak yang dilanggar atau data breach?",muak banget sama orang orang yang ngelabel perusahaan dan pekerjanya sebagai sesuatu yang jahat padahal bisa aja asal kebocoran itu berasal dari kontrak yang dilanggar atau data breach ,"['muak', 'banget', 'sama', 'orang', 'orang', 'yang', 'ngelabel', 'perusahaan', 'dan', 'pekerjanya', 'sebagai', 'sesuatu', 'yang', 'jahat', 'padahal', 'bisa', 'aja', 'asal', 'kebocoran', 'itu', 'berasal', 'dari', 'kontrak', 'yang', 'dilanggar', 'atau', 'data', 'breach']","['muak', 'banget', 'orang', 'orang', 'ngelabel', 'perusahaan', 'pekerjanya', 'jahat', 'kebocoran', 'berasal', 'kontrak', 'dilanggar', 'data', 'breach']","['muak', 'banget', 'orang', 'orang', 'ngelabel', 'usaha', 'kerja', 'jahat', 'bocor', 'asal', 'kontrak', 'langgar', 'data', 'breach']",muak banget orang orang ngelabel usaha kerja jahat bocor asal kontrak langgar data breach
2023-01-05 10:28:54+00:00,"@CNNIndonesia Harusnya pas kebocoran data dia mundur, itu akan lebih berkesan dan diingat oleh masyarakat, kalau skrng mundur yg ada jdi cibiran "" kenapa ga dari kemarn2 u mundur""","@cnnindonesia harusnya pas kebocoran data dia mundur, itu akan lebih berkesan dan diingat oleh masyarakat, kalau skrng mundur yg ada jdi cibiran "" kenapa ga dari kemarn2 u mundur""", harusnya pas kebocoran data dia mundur  itu akan lebih berkesan dan diingat oleh masyarakat  kalau skrng mundur yg ada jdi cibiran   kenapa ga dari kemarn u mundur ,"['harusnya', 'pas', 'kebocoran', 'data', 'dia', 'mundur', 'itu', 'akan', 'lebih', 'berkesan', 'dan', 'diingat', 'oleh', 'masyarakat', 'kalau', 'skrng', 'mundur', 'yg', 'ada', 'jdi', 'cibiran', 'kenapa', 'ga', 'dari', 'kemarn', 'u', 'mundur']","['pas', 'kebocoran', 'data', 'mundur', 'berkesan', 'masyarakat', 'skrng', 'mundur', 'jdi', 'cibiran', 'kemarn', 'u', 'mundur']","['pas', 'bocor', 'data', 'mundur', 'kesan', 'masyarakat', 'skrng', 'mundur', 'jdi', 'cibir', 'kemarn', 'u', 'mundur']",pas bocor data mundur kesan masyarakat skrng mundur jdi cibir kemarn u mundur
2023-01-05 10:26:19+00:00,"@ChacaVarma Benar untuk nomor telepon 02130484888 merupakan pihak telemarketing BCA Life Bapak/Ibu Pelanggan. Tidak secara diam-diam karena membutuhkan persetujuan dan kelengkapan data nasabah. Telemarketing asuransi merupakan Telemarketing BCA, sehingga tidak ada kebocoran (1/2) ^Pallefi","@chacavarma benar untuk nomor telepon 02130484888 merupakan pihak telemarketing bca life bapak/ibu pelanggan. tidak secara diam-diam karena membutuhkan persetujuan dan kelengkapan data nasabah. telemarketing asuransi merupakan telemarketing bca, sehingga tidak ada kebocoran (1/2) ^pallefi", benar untuk nomor telepon  merupakan pihak telemarketing bca life bapak ibu pelanggan  tidak secara diam diam karena membutuhkan persetujuan dan kelengkapan data nasabah  telemarketing asuransi merupakan telemarketing bca  sehingga tidak ada kebocoran      pallefi,"['benar', 'untuk', 'nomor', 'telepon', 'merupakan', 'pihak', 'telemarketing', 'bca', 'life', 'bapak', 'ibu', 'pelanggan', 'tidak', 'secara', 'diam', 'diam', 'karena', 'membutuhkan', 'persetujuan', 'dan', 'kelengkapan', 'data', 'nasabah', 'telemarketing', 'asuransi', 'merupakan', 'telemarketing', 'bca', 'sehingga', 'tidak', 'ada', 'kebocoran', 'pallefi']","['nomor', 'telepon', 'telemarketing', 'bca', 'life', 'pelanggan', 'diam', 'diam', 'membutuhkan', 'persetujuan', 'kelengkapan', 'data', 'nasabah', 'telemarketing', 'asuransi', 'telemarketing', 'bca', 'kebocoran', 'pallefi']","['nomor', 'telepon', 'telemarketing', 'bca', 'life', 'langgan', 'diam', 'diam', 'butuh', 'tuju', 'lengkap', 'data', 'nasabah', 'telemarketing', 'asuransi', 'telemarketing', 'bca', 'bocor', 'pallefi']",nomor telepon telemarketing bca life langgan diam diam butuh tuju lengkap data nasabah telemarketing asuransi telemarketing bca bocor pallefi
2023-01-05 08:51:54+00:00,"#PmrRompin | Siasatan Dakwaan Kebocoran Data Maklumat Pengguna

#JabatanPenerangan
#PhgKoi #CmsPhg
#Januari2023 https://t.co/6qY42NMLeu","#pmrrompin | siasatan dakwaan kebocoran data maklumat pengguna

#jabatanpenerangan
#phgkoi #cmsphg
#januari2023 https://t.co/6qy42nmleu",pmrrompin   siasatan dakwaan kebocoran data maklumat pengguna jabatanpenerangan phgkoi cmsphg januari ,"['pmrrompin', 'siasatan', 'dakwaan', 'kebocoran', 'data', 'maklumat', 'pengguna', 'jabatanpenerangan', 'phgkoi', 'cmsphg', 'januari']","['pmrrompin', 'siasatan', 'dakwaan', 'kebocoran', 'data', 'maklumat', 'pengguna', 'jabatanpenerangan', 'phgkoi', 'cmsphg', 'januari']","['pmrrompin', 'siasat', 'dakwa', 'bocor', 'data', 'maklumat', 'guna', 'jabatanpenerangan', 'phgkoi', 'cmsphg', 'januari']",pmrrompin siasat dakwa bocor data maklumat guna jabatanpenerangan phgkoi cmsphg januari
2023-01-05 07:33:03+00:00,"Kerajaan perlu telus selesaikan isu kebocoran data, kata TI-M https://t.co/Z0Zy3hITzq","kerajaan perlu telus selesaikan isu kebocoran data, kata ti-m https://t.co/z0zy3hitzq",kerajaan perlu telus selesaikan isu kebocoran data  kata ti m ,"['kerajaan', 'perlu', 'telus', 'selesaikan', 'isu', 'kebocoran', 'data', 'kata', 'ti', 'm']","['kerajaan', 'telus', 'selesaikan', 'isu', 'kebocoran', 'data', 'ti', 'm']","['raja', 'telus', 'selesai', 'isu', 'bocor', 'data', 'ti', 'm']",raja telus selesai isu bocor data ti m
2023-01-05 06:59:04+00:00,"Kasus Kebocoran Data, 235 Juta Informasi Pengguna Twitter Terekspos di Internet https://t.co/Y6CJ77GtsR","kasus kebocoran data, 235 juta informasi pengguna twitter terekspos di internet https://t.co/y6cj77gtsr",kasus kebocoran data   juta informasi pengguna twitter terekspos di internet ,"['kasus', 'kebocoran', 'data', 'juta', 'informasi', 'pengguna', 'twitter', 'terekspos', 'di', 'internet']","['kebocoran', 'data', 'juta', 'informasi', 'pengguna', 'twitter', 'terekspos', 'internet']","['bocor', 'data', 'juta', 'informasi', 'guna', 'twitter', 'ekspos', 'internet']",bocor data juta informasi guna twitter ekspos internet
2023-01-05 03:10:38+00:00,"SurfShark: 5,34 Miliar Akun Alami Kebocoran Data pada 2022 https://t.co/4MCoWZnpxt","surfshark: 5,34 miliar akun alami kebocoran data pada 2022 https://t.co/4mcowznpxt",surfshark    miliar akun alami kebocoran data pada  ,"['surfshark', 'miliar', 'akun', 'alami', 'kebocoran', 'data', 'pada']","['surfshark', 'miliar', 'akun', 'alami', 'kebocoran', 'data']","['surfshark', 'miliar', 'akun', 'alami', 'bocor', 'data']",surfshark miliar akun alami bocor data
2023-01-05 02:48:49+00:00,"@AnakLolina2 @ApriliaLin @PlateJohnny Lahh malah menteri ini yg kinerjanya paling ambyaar:

1. Internet Indonesia tetap yg paling lemot di Asia Tenggara
2. Banyak kasus kebocoran data
3. Penyebaran HOAX masih massif","@anaklolina2 @aprilialin @platejohnny lahh malah menteri ini yg kinerjanya paling ambyaar:

1. internet indonesia tetap yg paling lemot di asia tenggara
2. banyak kasus kebocoran data
3. penyebaran hoax masih massif", lahh malah menteri ini yg kinerjanya paling ambyaar    internet indonesia tetap yg paling lemot di asia tenggara   banyak kasus kebocoran data   penyebaran hoax masih massif,"['lahh', 'malah', 'menteri', 'ini', 'yg', 'kinerjanya', 'paling', 'ambyaar', 'internet', 'indonesia', 'tetap', 'yg', 'paling', 'lemot', 'di', 'asia', 'tenggara', 'banyak', 'kasus', 'kebocoran', 'data', 'penyebaran', 'hoax', 'masih', 'massif']","['lahh', 'menteri', 'kinerjanya', 'ambyaar', 'internet', 'indonesia', 'lemot', 'asia', 'tenggara', 'kebocoran', 'data', 'penyebaran', 'hoax', 'massif']","['lahh', 'menteri', 'kerja', 'ambyaar', 'internet', 'indonesia', 'lot', 'asia', 'tenggara', 'bocor', 'data', 'sebar', 'hoax', 'massif']",lahh menteri kerja ambyaar internet indonesia lot asia tenggara bocor data sebar hoax massif
2023-01-04 23:19:44+00:00,Tahun 2022 ini sempat digegerkan oleh berbagai kasus kebocoran data. Bahkan hal ini diduga terjadi pada lembaga-lembaga besar di Indonesia. https://t.co/nOEYZ7kzEd,tahun 2022 ini sempat digegerkan oleh berbagai kasus kebocoran data. bahkan hal ini diduga terjadi pada lembaga-lembaga besar di indonesia. https://t.co/noeyz7kzed,tahun  ini sempat digegerkan oleh berbagai kasus kebocoran data  bahkan hal ini diduga terjadi pada lembaga lembaga besar di indonesia  ,"['tahun', 'ini', 'sempat', 'digegerkan', 'oleh', 'berbagai', 'kasus', 'kebocoran', 'data', 'bahkan', 'hal', 'ini', 'diduga', 'terjadi', 'pada', 'lembaga', 'lembaga', 'besar', 'di', 'indonesia']","['digegerkan', 'kebocoran', 'data', 'diduga', 'lembaga', 'lembaga', 'indonesia']","['geger', 'bocor', 'data', 'duga', 'lembaga', 'lembaga', 'indonesia']",geger bocor data duga lembaga lembaga indonesia
2023-01-04 23:19:33+00:00,Rentetan Kasus Kebocoran Data PLN-Indihome yang Bikin Geger di 2022 https://t.co/QqUkZp44GI,rentetan kasus kebocoran data pln-indihome yang bikin geger di 2022 https://t.co/qqukzp44gi,rentetan kasus kebocoran data pln indihome yang bikin geger di  ,"['rentetan', 'kasus', 'kebocoran', 'data', 'pln', 'indihome', 'yang', 'bikin', 'geger', 'di']","['rentetan', 'kebocoran', 'data', 'pln', 'indihome', 'geger']","['rentet', 'bocor', 'data', 'pln', 'indihome', 'geger']",rentet bocor data pln indihome geger
2023-01-04 15:30:49+00:00,@srikandimasjuna aku baru pertama kalii dapet begini dan dikirimnya juga ke alamat kos bukan alamat rumah. curiga ada data dari salah satu e-commerce yang bocor tapi yaa emg beberapa e-commerce udh punya beritanya sendiri ttg kebocoran data kan... jadi sdikitü§è ga heran tapi tetep khawatirüò≠,@srikandimasjuna aku baru pertama kalii dapet begini dan dikirimnya juga ke alamat kos bukan alamat rumah. curiga ada data dari salah satu e-commerce yang bocor tapi yaa emg beberapa e-commerce udh punya beritanya sendiri ttg kebocoran data kan... jadi sdikitü§è ga heran tapi tetep khawatirüò≠, aku baru pertama kalii dapet begini dan dikirimnya juga ke alamat kos bukan alamat rumah  curiga ada data dari salah satu e commerce yang bocor tapi yaa emg beberapa e commerce udh punya beritanya sendiri ttg kebocoran data kan    jadi sdikit  ga heran tapi tetep khawatir ,"['aku', 'baru', 'pertama', 'kalii', 'dapet', 'begini', 'dan', 'dikirimnya', 'juga', 'ke', 'alamat', 'kos', 'bukan', 'alamat', 'rumah', 'curiga', 'ada', 'data', 'dari', 'salah', 'satu', 'e', 'commerce', 'yang', 'bocor', 'tapi', 'yaa', 'emg', 'beberapa', 'e', 'commerce', 'udh', 'punya', 'beritanya', 'sendiri', 'ttg', 'kebocoran', 'data', 'kan', 'jadi', 'sdikit', 'ga', 'heran', 'tapi', 'tetep', 'khawatir']","['kalii', 'dapet', 'dikirimnya', 'alamat', 'kos', 'alamat', 'rumah', 'curiga', 'data', 'salah', 'e', 'commerce', 'bocor', 'yaa', 'emg', 'e', 'commerce', 'beritanya', 'ttg', 'kebocoran', 'data', 'sdikit', 'heran', 'tetep', 'khawatir']","['kali', 'dapet', 'kirim', 'alamat', 'kos', 'alamat', 'rumah', 'curiga', 'data', 'salah', 'e', 'commerce', 'bocor', 'yaa', 'emg', 'e', 'commerce', 'berita', 'ttg', 'bocor', 'data', 'sdikit', 'heran', 'tetep', 'khawatir']",kali dapet kirim alamat kos alamat rumah curiga data salah e commerce bocor yaa emg e commerce berita ttg bocor data sdikit heran tetep khawatir
2023-01-04 05:05:51+00:00,@zweetheart Salam Sahabat. Mohon maaf atas ketidaknyamanannya. Riwayat layanan kesehatan pada Mobile JKN ditutup dengan tanda bintang untuk menjaga privasi dan mencegah kebocoran data peserta. Terima kasih. :) -rein,@zweetheart salam sahabat. mohon maaf atas ketidaknyamanannya. riwayat layanan kesehatan pada mobile jkn ditutup dengan tanda bintang untuk menjaga privasi dan mencegah kebocoran data peserta. terima kasih. :) -rein, salam sahabat  mohon maaf atas ketidaknyamanannya  riwayat layanan kesehatan pada mobile jkn ditutup dengan tanda bintang untuk menjaga privasi dan mencegah kebocoran data peserta  terima kasih      rein,"['salam', 'sahabat', 'mohon', 'maaf', 'atas', 'ketidaknyamanannya', 'riwayat', 'layanan', 'kesehatan', 'pada', 'mobile', 'jkn', 'ditutup', 'dengan', 'tanda', 'bintang', 'untuk', 'menjaga', 'privasi', 'dan', 'mencegah', 'kebocoran', 'data', 'peserta', 'terima', 'kasih', 'rein']","['salam', 'sahabat', 'mohon', 'maaf', 'ketidaknyamanannya', 'riwayat', 'layanan', 'kesehatan', 'mobile', 'jkn', 'ditutup', 'tanda', 'bintang', 'menjaga', 'privasi', 'mencegah', 'kebocoran', 'data', 'peserta', 'terima', 'kasih', 'rein']","['salam', 'sahabat', 'mohon', 'maaf', 'ketidaknyamanannya', 'riwayat', 'layan', 'sehat', 'mobile', 'jkn', 'tutup', 'tanda', 'bintang', 'jaga', 'privasi', 'cegah', 'bocor', 'data', 'serta', 'terima', 'kasih', 'rein']",salam sahabat mohon maaf ketidaknyamanannya riwayat layan sehat mobile jkn tutup tanda bintang jaga privasi cegah bocor data serta terima kasih rein
2023-01-04 03:14:48+00:00,"Soal Transformasi PeduliLindungi, Anggota Komisi IX DPR Ingatkan Soal Kebocoran Data

https://t.co/qVRIdzqyKf","soal transformasi pedulilindungi, anggota komisi ix dpr ingatkan soal kebocoran data

https://t.co/qvridzqykf",soal transformasi pedulilindungi  anggota komisi ix dpr ingatkan soal kebocoran data ,"['soal', 'transformasi', 'pedulilindungi', 'anggota', 'komisi', 'ix', 'dpr', 'ingatkan', 'soal', 'kebocoran', 'data']","['transformasi', 'pedulilindungi', 'anggota', 'komisi', 'ix', 'dpr', 'ingatkan', 'kebocoran', 'data']","['transformasi', 'pedulilindungi', 'anggota', 'komisi', 'ix', 'dpr', 'ingat', 'bocor', 'data']",transformasi pedulilindungi anggota komisi ix dpr ingat bocor data
2023-01-04 02:42:40+00:00,"#PartaiDemokrat: RUU PDP sangat penting untuk segera disahkan menjadi UU, agar masyarakat terlindungi dari kebocoran &amp; penyebaran data pribadi","#partaidemokrat: ruu pdp sangat penting untuk segera disahkan menjadi uu, agar masyarakat terlindungi dari kebocoran &amp; penyebaran data pribadi",partaidemokrat  ruu pdp sangat penting untuk segera disahkan menjadi uu  agar masyarakat terlindungi dari kebocoran  amp  penyebaran data pribadi,"['partaidemokrat', 'ruu', 'pdp', 'sangat', 'penting', 'untuk', 'segera', 'disahkan', 'menjadi', 'uu', 'agar', 'masyarakat', 'terlindungi', 'dari', 'kebocoran', 'amp', 'penyebaran', 'data', 'pribadi']","['partaidemokrat', 'ruu', 'pdp', 'disahkan', 'uu', 'masyarakat', 'terlindungi', 'kebocoran', 'penyebaran', 'data', 'pribadi']","['partaidemokrat', 'ruu', 'pdp', 'sah', 'uu', 'masyarakat', 'lindung', 'bocor', 'sebar', 'data', 'pribadi']",partaidemokrat ruu pdp sah uu masyarakat lindung bocor sebar data pribadi
2023-01-03 13:21:33+00:00,"Awas Kebocoran Data, Ini 7 Cara Mencegah Phishing https://t.co/ePBvk0rklg","awas kebocoran data, ini 7 cara mencegah phishing https://t.co/epbvk0rklg",awas kebocoran data  ini  cara mencegah phishing ,"['awas', 'kebocoran', 'data', 'ini', 'cara', 'mencegah', 'phishing']","['awas', 'kebocoran', 'data', 'mencegah', 'phishing']","['awas', 'bocor', 'data', 'cegah', 'phishing']",awas bocor data cegah phishing
2023-01-03 06:41:49+00:00,"Kebocoran data peribadi sangat meluas selang sehari ada saja panggilan scammer. 
sampai panggilan sebenar atau scammer pun susah nak pastikan.

@fahmi_fadzil @khairulanwarKA @anwaribrahim @MyDSA_official @saifnasution 

#TweetMasaDepan","kebocoran data peribadi sangat meluas selang sehari ada saja panggilan scammer. 
sampai panggilan sebenar atau scammer pun susah nak pastikan.

@fahmi_fadzil @khairulanwarka @anwaribrahim @mydsa_official @saifnasution 

#tweetmasadepan",kebocoran data peribadi sangat meluas selang sehari ada saja panggilan scammer  sampai panggilan sebenar atau scammer pun susah nak pastikan  tweetmasadepan,"['kebocoran', 'data', 'peribadi', 'sangat', 'meluas', 'selang', 'sehari', 'ada', 'saja', 'panggilan', 'scammer', 'sampai', 'panggilan', 'sebenar', 'atau', 'scammer', 'pun', 'susah', 'nak', 'pastikan', 'tweetmasadepan']","['kebocoran', 'data', 'peribadi', 'meluas', 'selang', 'sehari', 'panggilan', 'scammer', 'panggilan', 'sebenar', 'scammer', 'susah', 'nak', 'pastikan', 'tweetmasadepan']","['bocor', 'data', 'peribadi', 'luas', 'selang', 'hari', 'panggil', 'scammer', 'panggil', 'benar', 'scammer', 'susah', 'nak', 'pasti', 'tweetmasadepan']",bocor data peribadi luas selang hari panggil scammer panggil benar scammer susah nak pasti tweetmasadepan
2023-01-03 06:35:18+00:00,Kenapa bah ni makin lama makin byk unknown number call padahal ni no sikit ja orang tahu. Mmg betul la ada kebocoran data. Annoying la org call2 ni. Byk sudah no annoying sa block. Mengganggu betul.,kenapa bah ni makin lama makin byk unknown number call padahal ni no sikit ja orang tahu. mmg betul la ada kebocoran data. annoying la org call2 ni. byk sudah no annoying sa block. mengganggu betul.,kenapa bah ni makin lama makin byk unknown number call padahal ni no sikit ja orang tahu  mmg betul la ada kebocoran data  annoying la org call ni  byk sudah no annoying sa block  mengganggu betul ,"['kenapa', 'bah', 'ni', 'makin', 'lama', 'makin', 'byk', 'unknown', 'number', 'call', 'padahal', 'ni', 'no', 'sikit', 'ja', 'orang', 'tahu', 'mmg', 'betul', 'la', 'ada', 'kebocoran', 'data', 'annoying', 'la', 'org', 'call', 'ni', 'byk', 'sudah', 'no', 'annoying', 'sa', 'block', 'mengganggu', 'betul']","['bah', 'ni', 'byk', 'unknown', 'number', 'call', 'ni', 'no', 'sikit', 'ja', 'orang', 'mmg', 'la', 'kebocoran', 'data', 'annoying', 'la', 'org', 'call', 'ni', 'byk', 'no', 'annoying', 'sa', 'block', 'mengganggu']","['bah', 'ni', 'byk', 'unknown', 'number', 'call', 'ni', 'no', 'sikit', 'ja', 'orang', 'mmg', 'la', 'bocor', 'data', 'annoying', 'la', 'org', 'call', 'ni', 'byk', 'no', 'annoying', 'sa', 'block', 'ganggu']",bah ni byk unknown number call ni no sikit ja orang mmg la bocor data annoying la org call ni byk no annoying sa block ganggu
2023-01-03 04:36:19+00:00,Di Australia Juga Ada Kebocoran Data Telco Tapi Tindakbalasnya Berbeza! https://t.co/35ylyWVnkZ via @OMGHACKERS.COM,di australia juga ada kebocoran data telco tapi tindakbalasnya berbeza! https://t.co/35ylywvnkz via @omghackers.com,di australia juga ada kebocoran data telco tapi tindakbalasnya berbeza  via ,"['di', 'australia', 'juga', 'ada', 'kebocoran', 'data', 'telco', 'tapi', 'tindakbalasnya', 'berbeza', 'via']","['australia', 'kebocoran', 'data', 'telco', 'tindakbalasnya', 'berbeza', 'via']","['australia', 'bocor', 'data', 'telco', 'tindakbalasnya', 'berbeza', 'via']",australia bocor data telco tindakbalasnya berbeza via
2023-01-03 01:00:00+00:00,"Meskipun mendukung gagasan Satu Sehat, Rahmad juga menyoroti terkait isu kebocoran data pemerintah yang pernah terjadi beberapa waktu lalu. https://t.co/S5HDtbXzHK","meskipun mendukung gagasan satu sehat, rahmad juga menyoroti terkait isu kebocoran data pemerintah yang pernah terjadi beberapa waktu lalu. https://t.co/s5hdtbxzhk",meskipun mendukung gagasan satu sehat  rahmad juga menyoroti terkait isu kebocoran data pemerintah yang pernah terjadi beberapa waktu lalu  ,"['meskipun', 'mendukung', 'gagasan', 'satu', 'sehat', 'rahmad', 'juga', 'menyoroti', 'terkait', 'isu', 'kebocoran', 'data', 'pemerintah', 'yang', 'pernah', 'terjadi', 'beberapa', 'waktu', 'lalu']","['mendukung', 'gagasan', 'sehat', 'rahmad', 'menyoroti', 'terkait', 'isu', 'kebocoran', 'data', 'pemerintah']","['dukung', 'gagas', 'sehat', 'rahmad', 'sorot', 'kait', 'isu', 'bocor', 'data', 'perintah']",dukung gagas sehat rahmad sorot kait isu bocor data perintah
2023-01-02 13:58:11+00:00,"Berdalih ga bisa buka kamera karena di lock pihak it
Karena pernah ada kebocoran data perusahaan

Damn aku percaya https://t.co/dejPXpstjt","berdalih ga bisa buka kamera karena di lock pihak it
karena pernah ada kebocoran data perusahaan

damn aku percaya https://t.co/dejpxpstjt",berdalih ga bisa buka kamera karena di lock pihak it karena pernah ada kebocoran data perusahaan damn aku percaya ,"['berdalih', 'ga', 'bisa', 'buka', 'kamera', 'karena', 'di', 'lock', 'pihak', 'it', 'karena', 'pernah', 'ada', 'kebocoran', 'data', 'perusahaan', 'damn', 'aku', 'percaya']","['berdalih', 'buka', 'kamera', 'lock', 'it', 'kebocoran', 'data', 'perusahaan', 'damn', 'percaya']","['dalih', 'buka', 'kamera', 'lock', 'it', 'bocor', 'data', 'usaha', 'damn', 'percaya']",dalih buka kamera lock it bocor data usaha damn percaya
2023-01-02 13:12:01+00:00,"Banyak kasus kebocoran data, ini tips ampuh menjaga data pribadi Anda - https://t.co/Et1BPuBvcd https://t.co/oex8USVJhp","banyak kasus kebocoran data, ini tips ampuh menjaga data pribadi anda - https://t.co/et1bpubvcd https://t.co/oex8usvjhp",banyak kasus kebocoran data  ini tips ampuh menjaga data pribadi anda   ,"['banyak', 'kasus', 'kebocoran', 'data', 'ini', 'tips', 'ampuh', 'menjaga', 'data', 'pribadi', 'anda']","['kebocoran', 'data', 'tips', 'ampuh', 'menjaga', 'data', 'pribadi']","['bocor', 'data', 'tips', 'ampuh', 'jaga', 'data', 'pribadi']",bocor data tips ampuh jaga data pribadi
